customer_id,first_name,last_name,email,gender,contactNo,country,dob
1,Joseph,Rice,josephrice131@slingacademy.com,male,+1-800-040-3135x6208,Artist,05/05/19
2,Gary,Moore,garymoore386@slingacademy.com,male,221.945.4191x8872,Artist,20/05/20
3,John,Walker,johnwalker944@slingacademy.com,male,388-142-4883x5370,Clerk,04/04/20
4,Eric,Carter,ericcarter176@slingacademy.com,male,(451)259-5402,Butcher,30/01/19
5,William,Jackson,williamjackson427@slingacademy.com,male,625.626.9133x374,Engineer,01/07/22
6,Nicole,Jones,nicolejones228@slingacademy.com,female,1783534757,Unemployed,07/08/21
7,David,Davis,daviddavis980@slingacademy.com,male,067.435.8553x692,Doctor,16/06/22
8,Jason,Montgomery,jasonmontgomery889@slingacademy.com,male,001-208-220-1519,Waitress,13/11/21
9,Kent,Weaver,kentweaver695@slingacademy.com,male,(000)101-6979x011,Clerk,11/06/23
10,Darrell,Dillon,darrelldillon573@slingacademy.com,male,(156)423-0600x52870,Dentist,13/09/22
11,Jacqueline,Wang,jacquelinewang322@slingacademy.com,female,691-557-6502,Housewife,08/02/23
12,Jodi,Gonzalez,jodigonzalez185@slingacademy.com,female,137.205.7066,Baker,25/06/21
13,Omar,Martin,omarmartin769@slingacademy.com,male,199081228,Doctor,28/05/23
14,Nicole,Lara,nicolelara473@slingacademy.com,female,160-139-7065,Janitor,03/03/23
15,Jason,Brown,jasonbrown753@slingacademy.com,male,+1-449-094-1105x03038,Lawyer,05/12/22
16,David,Benson,davidbenson257@slingacademy.com,male,3037692300,Lawyer,15/04/22
17,Kimberly,Mora,kimberlymora513@slingacademy.com,female,178967409,Farmer,19/05/19
18,Erik,Macias,erikmacias904@slingacademy.com,male,135-367-2526x9925,Accountant,18/04/20
19,James,Johnson,jamesjohnson681@slingacademy.com,male,(303)790-8926,Security Guard,17/02/19
20,Derek,Peterson,derekpeterson324@slingacademy.com,male,(864)569-7197,Architect,15/12/20
21,Diane,Henson,dianehenson438@slingacademy.com,female,(844)855-9308,Butcher,21/03/20
22,Cody,Lyons,codylyons721@slingacademy.com,male,271-660-8219,Baker,25/11/19
23,Margaret,Hardy,margarethardy249@slingacademy.com,female,434.970.8362x0269,Barber,17/07/21
24,Arthur,Hayes,arthurhayes881@slingacademy.com,male,883.635.3065x5605,Chef,01/04/21
25,Raymond,Taylor,raymondtaylor702@slingacademy.com,male,001-481-600-8572x422,Butcher,24/09/21
26,Tina,Moore,tinamoore476@slingacademy.com,female,644007929,Chef,15/07/20
27,Kylie,White,kyliewhite170@slingacademy.com,female,+1-218-827-4151x1327,Janitor,03/02/20
28,Jonathan,Manning,jonathanmanning648@slingacademy.com,male,563.533.7683x324,Librarian,21/01/22
29,Angela,Bryant,angelabryant256@slingacademy.com,female,265.101.5569x1098,Politician,11/09/19
30,Michael,Mann,michaelmann973@slingacademy.com,male,881.909.7778,Nurse,12/08/19
31,Craig,Myers,craigmyers395@slingacademy.com,male,570.096.8289,Lawyer,16/10/20
32,Tiffany,Carter,tiffanycarter997@slingacademy.com,female,-2152,Receptionist,11/07/21
33,Erica,Owens,ericaowens827@slingacademy.com,female,9679991464,Butcher,12/01/22
34,Patricia,Parker,patriciaparker125@slingacademy.com,female,505.913.8048,Doctor,07/12/22
35,Brian,Palmer,brianpalmer348@slingacademy.com,male,113.407.9112x92842,Baker,26/01/22
36,Melissa,Smith,melissasmith381@slingacademy.com,female,044.231.7353x284,Farmer,23/09/18
37,Connor,Adams,connoradams384@slingacademy.com,male,033-405-6732x22212,Pilot,28/08/21
38,Michael,Williams,michaelwilliams977@slingacademy.com,male,+1-966-562-9983x03942,Mechanic,30/12/18
39,Ruth,Smith,ruthsmith682@slingacademy.com,female,001-762-060-1456x03151,Hairdresser,18/10/19
40,Jonathan,Middleton,jonathanmiddleton724@slingacademy.com,male,029.750.6082,Chef,12/10/18
41,Francis,Velez,francisvelez579@slingacademy.com,male,036-214-6097,Unemployed,05/03/21
42,Matthew,Velez,matthewvelez409@slingacademy.com,male,+1-467-835-9119x5899,Accountant,18/08/20
43,Kim,Shaw,kimshaw310@slingacademy.com,female,+1-126-314-0233x54940,Farmer,30/10/18
44,Gary,Jones,garyjones407@slingacademy.com,male,(376)159-2660,Artist,20/03/20
45,Nicholas,Clayton,nicholasclayton408@slingacademy.com,male,001-341-958-7813x00713,Teacher,13/02/23
46,Anthony,Chavez,anthonychavez937@slingacademy.com,male,545.116.5622,Pilot,19/12/19
47,Carolyn,Green,carolyngreen312@slingacademy.com,female,490.046.4088x3297,Scientist,05/11/20
48,Janice,Roman,janiceroman109@slingacademy.com,female,(185)406-7142x057,Cashier,04/03/22
49,Erin,Taylor,erintaylor360@slingacademy.com,female,150.752.8570x5082,Baker,30/06/21
50,Charles,Garcia,charlesgarcia241@slingacademy.com,male,(830)775-6431,Tailor,09/11/21
51,John,Huber,johnhuber951@slingacademy.com,male,705-854-2863x2616,Architect,16/07/23
52,Haley,Martinez,haleymartinez861@slingacademy.com,female,(823)674-8951x3895,Mechanic,14/09/20
53,Adam,Holmes,adamholmes791@slingacademy.com,male,(240)190-2211x88150,Scientist,23/09/20
54,Patricia,Jones,patriciajones445@slingacademy.com,female,001-074-7224x272,Chef,09/12/21
55,Christy,Rodriguez,christyrodriguez571@slingacademy.com,female,001-536-620-5199x858,Receptionist,21/11/20
56,Jose,Poole,josepoole425@slingacademy.com,male,(516)197-5637,Butcher,13/09/19
57,Lacey,Mercado,laceymercado410@slingacademy.com,female,2167104605,Security Guard,06/07/20
58,Danielle,Garcia,daniellegarcia717@slingacademy.com,female,5637538803,Janitor,10/08/22
59,Amanda,Cohen,amandacohen517@slingacademy.com,female,001-078-327-9619,Chef,31/07/20
60,Jeremy,Rodriguez,jeremyrodriguez468@slingacademy.com,male,823.282.6631x620,Engineer,06/10/19
61,Jade,Wall,jadewall660@slingacademy.com,female,(888)212-1295x2544,Baker,20/08/21
62,Janice,Garcia,janicegarcia196@slingacademy.com,female,(702)818-0602,Chef,05/06/23
63,Sarah,Greer,sarahgreer408@slingacademy.com,female,-7984,Carpenter,15/05/20
64,Sandra,Golden,sandragolden932@slingacademy.com,female,050-863-0515x579,Baker,31/12/21
65,David,Fritz,davidfritz381@slingacademy.com,male,(463)200-2962x6777,Accountant,02/08/21
66,Hannah,Wu,hannahwu194@slingacademy.com,female,+1-225-059-6648x01916,Nurse,26/04/19
67,Guy,Bennett,guybennett480@slingacademy.com,male,001-861-717-8433x09123,Student,24/08/20
68,Regina,Wong,reginawong744@slingacademy.com,female,275.921.9629,Barber,11/08/22
69,Desiree,Webster,desireewebster750@slingacademy.com,female,357-484-2941x0453,Mechanic,27/06/20
70,Juan,Cruz,juancruz282@slingacademy.com,male,306.805.1372x311,Mechanic,04/11/20
71,Michelle,Edwards,michelleedwards750@slingacademy.com,female,9218765672,Doctor,13/02/21
72,Alexander,Griffin,alexandergriffin680@slingacademy.com,male,001-548-906-1271x0623,Waitress,14/11/18
73,Laura,House,laurahouse693@slingacademy.com,female,070-738-7069x630,Barber,11/09/19
74,Brittany,Hanna,brittanyhanna710@slingacademy.com,female,297.073.5349x419,Doctor,05/01/23
75,Allen,Wright,allenwright784@slingacademy.com,male,938-528-3614x48664,Carpenter,01/03/23
76,Ricky,Phillips,rickyphillips472@slingacademy.com,male,849.472.4799x3435,Waiter,21/03/20
77,Adrian,Cross,adriancross924@slingacademy.com,male,001-576-367-7384,Unemployed,27/10/21
78,Thomas,Wood,thomaswood493@slingacademy.com,male,(355)634-8577x663,Clerk,19/12/21
79,Jillian,Massey,jillianmassey506@slingacademy.com,female,(897)355-8937x040,Baker,29/03/22
80,Kevin,Watkins,kevinwatkins979@slingacademy.com,male,003.814.3093,Receptionist,10/05/22
81,Allison,Sweeney,allisonsweeney527@slingacademy.com,female,365.405.8522x3846,Politician,29/10/21
82,Joseph,Hernandez,josephhernandez496@slingacademy.com,male,221-465-0888x064,Chef,06/05/21
83,Steven,Little,stevenlittle308@slingacademy.com,male,(879)355-4470x670,Unemployed,29/09/21
84,John,Bennett,johnbennett349@slingacademy.com,male,+1-636-078-0848x89601,Politician,31/01/23
85,Michele,Maxwell,michelemaxwell399@slingacademy.com,female,8543899544,Polic,18/08/19
86,Emily,Thomas,emilythomas235@slingacademy.com,female,001-006-358-6967,Pilot,23/12/19
87,Mark,Rogers,markrogers742@slingacademy.com,male,822-783-6078,Artist,04/05/22
88,John,Cruz,johncruz574@slingacademy.com,male,201-772-5754x23993,Hairdresser,23/07/23
89,David,Yoder,davidyoder542@slingacademy.com,male,994-857-8142,Clerk,18/07/21
90,James,Reynolds,jamesreynolds483@slingacademy.com,male,+1-248-862-3329x725,Teacher,08/01/23
91,Stephanie,Hicks,stephaniehicks386@slingacademy.com,female,775-548-2891x2689,Student,15/12/19
92,Paul,Brown,paulbrown927@slingacademy.com,male,025-529-0040x3086,Chef,06/10/18
93,Alexandra,Morales,alexandramorales748@slingacademy.com,female,832-491-3697,Barber,12/01/19
94,Krystal,Carroll,krystalcarroll951@slingacademy.com,female,232-615-4804x2640,Athlete,30/07/23
95,Alyssa,Walker,alyssawalker255@slingacademy.com,female,013-078-8928x46126,Athlete,08/04/20
96,Eric,Harvey,ericharvey127@slingacademy.com,male,(506)434-8876x9307,Clerk,26/06/20
97,Debbie,Rogers,debbierogers865@slingacademy.com,female,(189)103-9259x37127,Unkown,29/09/19
98,Steve,Braun,stevebraun545@slingacademy.com,male,3089011299,Unkown,02/11/22
99,Ryan,Rojas,ryanrojas819@slingacademy.com,male,001-064-950-2432x770,Waitress,13/01/20
100,Andrew,Levine,andrewlevine599@slingacademy.com,male,(524)709-6432x351,Dentist,24/03/23
101,Brian,Olson,brianolson853@slingacademy.com,male,(767)436-0931x540,Lawyer,25/03/19
102,Jessica,Welch,jessicawelch323@slingacademy.com,female,002-252-2134x2376,Polic,12/11/21
103,Stephanie,Faulkner,stephaniefaulkner908@slingacademy.com,female,+1-469-757-3014x985,Barber,13/02/22
104,Dawn,Johnson,dawnjohnson466@slingacademy.com,female,001-136-100-4593x2756,Polic,08/10/19
105,Monique,Wright,moniquewright318@slingacademy.com,female,644-856-0824x5310,Engineer,05/02/21
106,Veronica,Stein,veronicastein869@slingacademy.com,female,108.653.8091x602,Chef,25/08/18
107,Breanna,Santos,breannasantos355@slingacademy.com,female,680-261-2092,Dentist,28/04/22
108,Jeremy,Lee,jeremylee380@slingacademy.com,male,(877)469-1127,Carpenter,29/06/21
109,Robert,Moore,robertmoore437@slingacademy.com,male,(855)416-8326x1239,Polic,02/04/20
110,Tiffany,Pearson,tiffanypearson871@slingacademy.com,female,001-341-627-5718x3914,Politician,19/12/19
111,Audrey,Richardson,audreyrichardson371@slingacademy.com,female,-3305,Engineer,20/10/20
112,Maureen,Bryant,maureenbryant185@slingacademy.com,female,001-099-324-8977x1885,Architect,03/05/21
113,Derrick,Roberts,derrickroberts940@slingacademy.com,male,716-501-9486,Firefighter,08/05/23
114,Jeffrey,Sullivan,jeffreysullivan581@slingacademy.com,male,671.326.4890,Artist,15/11/20
115,Amy,Harris,amyharris260@slingacademy.com,female,001-107-220-0637,Janitor,03/01/19
116,Rhonda,Flores,rhondaflores754@slingacademy.com,female,-9550,Accountant,17/04/23
117,Steven,Black,stevenblack291@slingacademy.com,male,(011)623-6091x81778,Firefighter,12/08/20
118,Robert,Shepherd,robertshepherd351@slingacademy.com,male,955-947-3049x90323,Hairdresser,20/06/19
119,Robin,Snyder,robinsnyder713@slingacademy.com,female,(582)599-3854x61399,Butcher,07/09/18
120,Elijah,Cook,elijahcook838@slingacademy.com,male,-2344,Doctor,21/11/22
121,Dennis,Hill,dennishill785@slingacademy.com,male,(081)240-9092,Nurse,07/04/21
122,Charles,Nunez,charlesnunez365@slingacademy.com,male,(050)210-1799x0741,Security Guard,26/03/23
123,Philip,Robinson,philiprobinson217@slingacademy.com,male,474-109-1567,Barber,24/10/20
124,Rachel,Larson,rachellarson869@slingacademy.com,female,1326457737,Librarian,10/01/19
125,Stephen,Sharp,stephensharp521@slingacademy.com,male,001-839-244-6518x8548,Hairdresser,16/02/19
126,Aimee,Jacobs,aimeejacobs870@slingacademy.com,female,(248)934-4344,Tailor,24/11/21
127,Brittany,Miller,brittanymiller293@slingacademy.com,female,(541)625-0778,Pilot,25/09/19
128,Sabrina,Mclaughlin,sabrinamclaughlin622@slingacademy.com,female,(356)346-0597,Security Guard,20/07/21
129,Amber,Banks,amberbanks989@slingacademy.com,female,968-274-1437,Baker,12/10/20
130,Casey,Todd,caseytodd323@slingacademy.com,female,+1-817-495-8468x96587,Doctor,05/11/18
131,Miranda,Williams,mirandawilliams964@slingacademy.com,female,6448376611,Accountant,10/06/19
132,Alexander,Williams,alexanderwilliams474@slingacademy.com,male,8966343506,Pilot,15/07/22
133,Jesus,Higgins,jesushiggins236@slingacademy.com,male,270-910-1833x67990,Receptionist,25/12/19
134,James,Keith,jameskeith264@slingacademy.com,male,001-135-807-4323,Lawyer,18/02/19
135,Shawn,Johnson,shawnjohnson262@slingacademy.com,male,884.393.1749x356,Politician,01/08/23
136,Natalie,Page,nataliepage369@slingacademy.com,female,983.159.1678x04345,Engineer,14/04/19
137,Zachary,Fowler,zacharyfowler352@slingacademy.com,male,804-337-1371x8441,Lawyer,07/10/19
138,Brian,Bowman,brianbowman229@slingacademy.com,male,001-218-888-7118x55528,Engineer,16/05/21
139,Ryan,Martin,ryanmartin765@slingacademy.com,male,716.926.7359x44261,Teacher,22/01/19
140,Jennifer,Silva,jennifersilva406@slingacademy.com,female,001-603-001-2916x597,Doctor,02/04/20
141,Joseph,Sparks,josephsparks348@slingacademy.com,male,001-184-368-4527,Scientist,01/01/22
142,Mary,Bishop,marybishop477@slingacademy.com,female,1128592480,Mechanic,30/11/19
143,Stacey,Welch,staceywelch971@slingacademy.com,female,153-578-4485,Scientist,17/03/21
144,Brett,Burns,brettburns922@slingacademy.com,male,594-108-8882x66426,Dentist,10/10/20
145,Michael,Case,michaelcase653@slingacademy.com,male,001-894-755-0729x768,Athlete,21/03/20
146,Terry,Bailey,terrybailey896@slingacademy.com,male,368-919-4954x656,Dentist,13/10/18
147,Christopher,Mcdonald,christophermcdonald139@slingacademy.com,male,419.620.5803,Mechanic,20/11/21
148,Andres,Becker,andresbecker461@slingacademy.com,male,894-735-0953x94276,Politician,02/02/22
149,Chase,Mcdaniel,chasemcdaniel808@slingacademy.com,male,001-992-677-3882,Butcher,14/02/22
150,Sherry,Parsons,sherryparsons565@slingacademy.com,female,062-359-3746x629,Waitress,05/12/18
151,Javier,Jones,javierjones182@slingacademy.com,male,(674)865-6806x731,Firefighter,31/10/18
152,Jill,Kane,jillkane542@slingacademy.com,female,289-220-3649x35220,Unemployed,24/09/21
153,Janet,Valdez,janetvaldez845@slingacademy.com,female,(101)628-9447,Unemployed,30/07/19
154,Karen,Ford,karenford599@slingacademy.com,female,-5467,Janitor,04/12/18
155,Jamie,Johnson,jamiejohnson278@slingacademy.com,female,(326)793-1855,Athlete,20/04/23
156,Jessica,Marshall,jessicamarshall263@slingacademy.com,female,921.537.2917x8437,Polic,01/07/19
157,Sharon,Warner,sharonwarner980@slingacademy.com,female,033.934.6095x127,Farmer,10/09/21
158,Zachary,Williams,zacharywilliams820@slingacademy.com,male,4609487556,Receptionist,10/11/19
159,Brooke,Durham,brookedurham899@slingacademy.com,female,(800)291-2980x90939,Accountant,04/02/23
160,Ryan,Murray,ryanmurray936@slingacademy.com,male,-1528,Architect,09/03/20
161,Gabrielle,Smith,gabriellesmith365@slingacademy.com,female,324.369.9483,Barber,20/05/19
162,Nicole,Bennett,nicolebennett504@slingacademy.com,female,(413)923-8786,Chef,02/03/19
163,Heather,Ali,heatherali563@slingacademy.com,female,(743)869-4687x7610,Engineer,22/04/19
164,Sandra,Mcmahon,sandramcmahon670@slingacademy.com,female,015-723-6236x8899,Security Guard,16/03/21
165,Bailey,Mercado,baileymercado654@slingacademy.com,female,+1-421-199-8546x96916,Engineer,17/10/19
166,Morgan,Cooper,morgancooper145@slingacademy.com,female,540-110-0582x2728,Firefighter,08/10/22
167,Matthew,Stokes,matthewstokes156@slingacademy.com,male,(404)609-3966x901,Artist,22/01/20
168,Timothy,Mullins,timothymullins109@slingacademy.com,male,572.103.9107x933,Waiter,10/11/19
169,Kenneth,Rubio,kennethrubio544@slingacademy.com,male,+1-827-916-4743x953,Polic,03/08/19
170,Mary,Zamora,maryzamora706@slingacademy.com,female,-3774,Mechanic,23/02/19
171,Larry,Cole,larrycole178@slingacademy.com,male,+1-654-190-8294x9625,Athlete,19/12/22
172,Jeffrey,Diaz,jeffreydiaz916@slingacademy.com,male,679.460.4690,Dentist,02/05/19
173,Joseph,Brown,josephbrown503@slingacademy.com,male,6948600144,Nurse,16/02/21
174,Emily,Jones,emilyjones872@slingacademy.com,female,+1-409-855-0081x81812,Pilot,20/11/20
175,Tara,Davis,taradavis390@slingacademy.com,female,533.697.3216x64816,Lawyer,07/05/22
176,Tiffany,Bowers,tiffanybowers561@slingacademy.com,female,644-058-3831x187,Tailor,16/05/23
177,Linda,Craig,lindacraig125@slingacademy.com,female,001-578-431-2160,Dentist,22/11/22
178,Christine,Smith,christinesmith610@slingacademy.com,female,2694528654,Politician,17/01/20
179,Matthew,Williams,matthewwilliams637@slingacademy.com,male,106-229-5443x7580,Athlete,22/01/19
180,Brenda,Lewis,brendalewis614@slingacademy.com,female,090-693-1018x1090,Officer,14/11/21
181,Adrian,West,adrianwest790@slingacademy.com,male,026.722.1275,Housewife,02/01/19
182,Amy,Scott,amyscott772@slingacademy.com,female,001-558-090-5290,Security Guard,11/09/19
183,April,Beck,aprilbeck704@slingacademy.com,female,001-249-659-0277x520,Clerk,14/09/21
184,Anthony,Nicholson,anthonynicholson395@slingacademy.com,male,(370)234-9961x20582,Butcher,19/04/21
185,Shari,Garcia,sharigarcia531@slingacademy.com,female,4521067813,Athlete,23/03/21
186,Xavier,Miles,xaviermiles470@slingacademy.com,male,609.878.4177x209,Carpenter,30/03/20
187,Rachael,Gilbert,rachaelgilbert868@slingacademy.com,female,269.815.9003x034,Waitress,05/01/21
188,Michele,Rogers,michelerogers269@slingacademy.com,female,001-559-896-1111,Unemployed,02/03/19
189,Derek,Dixon,derekdixon106@slingacademy.com,male,287.193.4935x697,Waiter,14/05/23
190,Grace,Hartman,gracehartman875@slingacademy.com,female,911.952.3579,Receptionist,14/07/22
191,Joseph,Miller,josephmiller797@slingacademy.com,male,(900)277-8192,Baker,07/09/22
192,David,Arnold,davidarnold861@slingacademy.com,male,+1-404-229-6938x2473,Polic,11/03/21
193,Yesenia,White,yeseniawhite290@slingacademy.com,female,+1-498-185-5297x118,Receptionist,23/12/19
194,Nancy,Miller,nancymiller756@slingacademy.com,female,001-692-810-9937x1856,Baker,31/12/18
195,Christopher,Doyle,christopherdoyle900@slingacademy.com,male,8989838798,Officer,01/09/18
196,Taylor,Reed,taylorreed229@slingacademy.com,female,(305)854-6025x0943,Unkown,12/06/20
197,Katherine,Ferguson,katherineferguson577@slingacademy.com,female,410.912.9005x721,Pilot,16/11/19
198,Robert,Bryan,robertbryan207@slingacademy.com,male,+1-832-351-6835x241,Barber,08/07/19
199,Zachary,Kane,zacharykane481@slingacademy.com,male,001-116-195-1160x508,Nurse,30/12/21
200,Rebecca,Robinson,rebeccarobinson502@slingacademy.com,female,+1-704-186-5275x8334,Butcher,30/05/22
201,Bethany,Anderson,bethanyanderson383@slingacademy.com,female,001-100-098-9542x10729,Baker,09/06/19
202,Mary,Williams,marywilliams911@slingacademy.com,female,938-784-3949x340,Mechanic,28/10/21
203,Carlos,Wallace,carloswallace910@slingacademy.com,male,+1-193-221-6619x569,Scientist,03/07/22
204,Rhonda,Matthews,rhondamatthews710@slingacademy.com,female,021.449.1828x5577,Teacher,20/10/22
205,Donald,Barker,donaldbarker945@slingacademy.com,male,001-813-015-9491x59744,Housewife,10/04/22
206,Courtney,Lopez,courtneylopez450@slingacademy.com,female,+1-176-933-6706x96709,Baker,01/08/22
207,Chelsea,Moyer,chelseamoyer490@slingacademy.com,female,603.666.6309,Accountant,15/08/20
208,Brittany,Golden,brittanygolden929@slingacademy.com,female,9763663154,Tailor,23/06/20
209,Russell,Berry,russellberry793@slingacademy.com,male,001-568-397-8450x16820,Cashier,11/08/18
210,Joshua,Jackson,joshuajackson204@slingacademy.com,male,001-366-329-1602x9382,Officer,28/12/19
211,Alicia,Thompson,aliciathompson284@slingacademy.com,female,001-944-501-1917x1148,Unkown,17/12/18
212,Clifford,Gray,cliffordgray485@slingacademy.com,male,398.851.7793x450,Athlete,31/07/19
213,Gloria,Miller,gloriamiller317@slingacademy.com,female,(009)155-6073x0567,Hairdresser,04/01/23
214,Nicole,Mcintyre,nicolemcintyre424@slingacademy.com,female,(395)369-5742,Accountant,21/03/23
215,Vincent,Kline,vincentkline747@slingacademy.com,male,001-748-557-8466x307,Barber,18/09/18
216,Amber,Hunter,amberhunter269@slingacademy.com,female,(794)799-3767x125,Waiter,19/02/22
217,Shelby,Gomez,shelbygomez681@slingacademy.com,female,001-151-507-6676x76952,Unkown,30/08/21
218,Thomas,Mclaughlin,thomasmclaughlin610@slingacademy.com,male,828.395.9794x21404,Lawyer,04/11/22
219,Nathan,Graham,nathangraham770@slingacademy.com,male,(085)497-7212,Unkown,10/01/20
220,Thomas,Guzman,thomasguzman176@slingacademy.com,male,001-636-857-6472,Dentist,01/11/18
221,Sarah,Gilbert,sarahgilbert246@slingacademy.com,female,872.600.5792x5344,Chef,15/07/21
222,Jeremy,Andrews,jeremyandrews576@slingacademy.com,male,001-475-397-9924x023,Unkown,04/09/20
223,Megan,Morris,meganmorris562@slingacademy.com,female,001-784-020-2849x9856,Hairdresser,18/10/19
224,Zachary,Davis,zacharydavis304@slingacademy.com,male,154.021.7155x5483,Tailor,14/07/19
225,Michael,Phelps,michaelphelps198@slingacademy.com,male,(812)292-5727x2695,Butcher,26/08/22
226,Christopher,Robinson,christopherrobinson595@slingacademy.com,male,315-559-0673x518,Unemployed,08/09/20
227,Aaron,Mckee,aaronmckee125@slingacademy.com,male,507.473.0724x7605,Chef,12/02/20
228,Andrea,Velasquez,andreavelasquez582@slingacademy.com,female,001-193-022-8900x7350,Unemployed,07/11/21
229,Philip,Newton,philipnewton546@slingacademy.com,male,-4531,Firefighter,01/02/23
230,Kathleen,Palmer,kathleenpalmer993@slingacademy.com,female,949-632-5254x52033,Student,26/03/22
231,Eric,Levine,ericlevine958@slingacademy.com,male,415-088-3171x116,Athlete,07/03/21
232,Michael,Lopez,michaellopez745@slingacademy.com,male,534-497-4017,Cashier,12/11/21
233,Samantha,Smith,samanthasmith654@slingacademy.com,female,047-975-4175x129,Butcher,19/01/20
234,Diane,Tanner,dianetanner123@slingacademy.com,female,(966)286-0443x4014,Architect,07/08/20
235,Melissa,Gaines,melissagaines325@slingacademy.com,female,632-497-4059,Housewife,04/03/22
236,Alicia,Jensen,aliciajensen722@slingacademy.com,female,001-877-196-1818x8380,Scientist,12/07/20
237,Donna,Bird,donnabird513@slingacademy.com,female,870.750.2788x2602,Dentist,06/03/19
238,Kyle,Ruiz,kyleruiz137@slingacademy.com,male,274.877.4937,Cashier,26/04/19
239,Janet,Holmes,janetholmes868@slingacademy.com,female,(550)925-7065x590,Unemployed,18/04/23
240,Edward,Bray,edwardbray855@slingacademy.com,male,(289)395-4816x83564,Politician,23/01/21
241,Brenda,Hines,brendahines266@slingacademy.com,female,001-581-945-5641,Farmer,08/08/20
242,Mark,Roberts,markroberts135@slingacademy.com,male,001-263-347-9818x27638,Officer,10/04/19
243,Alejandro,Bailey,alejandrobailey724@slingacademy.com,male,(432)851-1371x262,Engineer,02/11/21
244,Mark,Rivers,markrivers649@slingacademy.com,male,696-932-2805,Nurse,10/09/18
245,Christopher,Miles,christophermiles280@slingacademy.com,male,(265)384-7181x730,Artist,30/09/18
246,Justin,Stewart,justinstewart627@slingacademy.com,male,(055)348-8789x4776,Polic,03/08/18
247,John,Miller,johnmiller962@slingacademy.com,male,(651)035-6912,Tailor,10/02/19
248,Thomas,Hickman,thomashickman353@slingacademy.com,male,(300)852-8375x7146,Unemployed,01/08/21
249,Patricia,Garcia,patriciagarcia552@slingacademy.com,female,195-066-0140x2015,Security Guard,12/12/22
250,Cindy,Chambers,cindychambers182@slingacademy.com,female,182-511-8855,Engineer,10/08/21
251,Natasha,Collins,natashacollins225@slingacademy.com,female,(856)411-8332,Carpenter,13/05/20
252,Anthony,Smith,anthonysmith680@slingacademy.com,male,(058)024-9081x5422,Housewife,24/06/20
253,Jacob,Robinson,jacobrobinson266@slingacademy.com,male,(453)490-6518,Teacher,18/06/22
254,Joseph,Martinez,josephmartinez526@slingacademy.com,male,(888)062-8441,Librarian,02/10/21
255,Joseph,Cross,josephcross873@slingacademy.com,male,001-195-587-9980x459,Student,30/09/20
256,Margaret,Nelson,margaretnelson922@slingacademy.com,female,(052)704-5782,Receptionist,09/02/21
257,Jay,Williams,jaywilliams210@slingacademy.com,male,001-565-075-2926x980,Waitress,11/09/19
258,Craig,Moore,craigmoore519@slingacademy.com,male,580.602.6240,Athlete,06/11/18
259,Matthew,Jackson,matthewjackson214@slingacademy.com,male,001-121-794-8294x233,Student,12/11/20
260,Robert,Smith,robertsmith696@slingacademy.com,male,941-755-0595x2475,Receptionist,16/07/20
261,Kristine,Green,kristinegreen138@slingacademy.com,female,100-841-4429,Dentist,23/09/18
262,Karen,Jacobs,karenjacobs432@slingacademy.com,female,+1-457-363-9142x131,Scientist,21/03/21
263,Jessica,Obrien,jessicaobrien660@slingacademy.com,female,(805)547-4348x39122,Receptionist,30/09/20
264,Paul,Underwood,paulunderwood405@slingacademy.com,male,782227663,Firefighter,30/11/21
265,Brian,Scott,brianscott271@slingacademy.com,male,884.302.5590x92293,Waiter,15/01/23
266,Bryan,Richardson,bryanrichardson932@slingacademy.com,male,135.462.1827x752,Engineer,30/06/20
267,John,Summers,johnsummers481@slingacademy.com,male,001-512-224-2638,Receptionist,04/04/20
268,Tracy,Wolf,tracywolf621@slingacademy.com,male,218.569.8698x00388,Doctor,25/05/23
269,Michael,Castro,michaelcastro994@slingacademy.com,male,+1-271-919-9698x31804,Polic,25/09/22
270,April,Lyons,aprillyons379@slingacademy.com,female,933-597-5408x6332,Artist,30/07/23
271,Teresa,Mitchell,teresamitchell702@slingacademy.com,female,(288)366-9088,Unemployed,30/03/19
272,Mark,Stewart,markstewart528@slingacademy.com,male,5087731130,Nurse,13/03/20
273,Kayla,Mitchell,kaylamitchell165@slingacademy.com,female,001-972-849-3682x5595,Lawyer,17/03/20
274,Alan,Rodriguez,alanrodriguez981@slingacademy.com,male,(243)414-8070x597,Artist,12/08/21
275,Katelyn,Smith,katelynsmith870@slingacademy.com,female,+1-214-600-6385x07703,Receptionist,10/09/21
276,Tina,Duarte,tinaduarte715@slingacademy.com,female,001-421-499-6796x4251,Chef,26/06/21
277,Matthew,Hansen,matthewhansen734@slingacademy.com,male,617-394-3215x975,Mechanic,01/11/19
278,Olivia,Williamson,oliviawilliamson172@slingacademy.com,female,+1-022-213-9390x450,Polic,30/06/20
279,Anthony,Wade,anthonywade160@slingacademy.com,male,-8784,Hairdresser,31/03/21
280,Jaclyn,Barton,jaclynbarton150@slingacademy.com,female,001-762-829-8995x0222,Lawyer,03/04/21
281,Adam,Johnson,adamjohnson141@slingacademy.com,male,198.859.3112x7260,Janitor,10/01/23
282,Matthew,Hogan,matthewhogan675@slingacademy.com,male,224.046.5899x6684,Librarian,25/02/20
283,Wendy,Goodman,wendygoodman722@slingacademy.com,female,6527211727,Scientist,12/04/22
284,Tyler,Mills,tylermills603@slingacademy.com,male,+1-906-903-4280x222,Butcher,27/05/22
285,Janet,Rivera,janetrivera296@slingacademy.com,female,+1-896-784-2467x0624,Cashier,09/07/23
286,James,Robbins,jamesrobbins145@slingacademy.com,male,(932)014-8277x2638,Officer,09/08/21
287,Grace,Cooper,gracecooper620@slingacademy.com,female,(198)292-3664,Teacher,11/05/20
288,Denise,Cook,denisecook866@slingacademy.com,female,202-494-3717,Firefighter,10/04/22
289,Wayne,Curtis,waynecurtis279@slingacademy.com,male,442-044-4262x8439,Athlete,10/11/22
290,Kendra,Holder,kendraholder796@slingacademy.com,female,+1-262-508-0596x767,Artist,28/03/23
291,Terry,Nielsen,terrynielsen236@slingacademy.com,male,(241)314-0320,Officer,13/03/19
292,Natasha,Gallegos,natashagallegos834@slingacademy.com,female,735.680.1660,Butcher,12/08/22
293,Hannah,Hughes,hannahhughes881@slingacademy.com,female,464.854.0341x88868,Lawyer,01/10/22
294,Jodi,Wilkerson,jodiwilkerson714@slingacademy.com,female,-3789,Barber,28/06/20
295,Kyle,Bright,kylebright610@slingacademy.com,male,+1-999-150-2864x25028,Mechanic,01/09/22
296,Kevin,Santiago,kevinsantiago366@slingacademy.com,male,529.887.2870,Receptionist,10/12/21
297,Timothy,Gutierrez,timothygutierrez760@slingacademy.com,male,874.205.5645x59917,Receptionist,08/08/19
298,Ivan,Callahan,ivancallahan817@slingacademy.com,male,536-957-3654x29376,Tailor,21/08/22
299,Austin,Dyer,austindyer948@slingacademy.com,male,001-542-415-0246x314,Scientist,20/08/22
300,Christopher,Murphy,christophermurphy582@slingacademy.com,male,103.260.5114x5527,Polic,01/08/21
301,Brandi,Bennett,brandibennett696@slingacademy.com,female,+1-630-446-5777x33638,Waitress,15/09/22
302,William,Hull,williamhull306@slingacademy.com,male,(075)414-3719,Scientist,01/06/20
303,Kevin,Marshall,kevinmarshall134@slingacademy.com,male,356.320.0764x8509,Tailor,07/04/20
304,Derrick,Ross,derrickross788@slingacademy.com,male,754.410.4908,Unemployed,20/10/21
305,Charles,Gardner,charlesgardner634@slingacademy.com,male,+1-038-506-2545x891,Barber,12/03/23
306,Karen,Davis,karendavis924@slingacademy.com,female,147.016.4724x36230,Politician,16/04/23
307,Cathy,Walker,cathywalker983@slingacademy.com,female,+1-780-229-8127x0280,Farmer,15/04/22
308,Karen,Jenkins,karenjenkins177@slingacademy.com,female,112.745.5859x734,Farmer,24/02/22
309,David,Townsend,davidtownsend983@slingacademy.com,male,001-025-487-2679x67146,Dentist,08/09/19
310,Lisa,Collins,lisacollins933@slingacademy.com,female,252-008-9380,Firefighter,23/03/21
311,Kenneth,Wilson,kennethwilson856@slingacademy.com,male,268-582-7362x97611,Farmer,18/04/23
312,Kyle,Vincent,kylevincent794@slingacademy.com,male,769-776-4959x968,Architect,09/04/19
313,Kimberly,Richardson,kimberlyrichardson665@slingacademy.com,female,129.158.0036,Farmer,27/12/21
314,Joseph,Robinson,josephrobinson395@slingacademy.com,male,025.378.8617x997,Carpenter,19/12/20
315,Keith,Chavez,keithchavez853@slingacademy.com,male,169.251.9253x976,Mechanic,10/05/21
316,Gerald,Romero,geraldromero654@slingacademy.com,male,+1-211-747-5044x92947,Carpenter,18/03/23
317,Deanna,Sparks,deannasparks789@slingacademy.com,female,8550975731,Clerk,18/06/20
318,Kevin,Miller,kevinmiller155@slingacademy.com,male,459.765.8716x2546,Scientist,20/06/23
319,William,Jackson,williamjackson938@slingacademy.com,male,263-538-5521x083,Nurse,13/11/18
320,Jennifer,Li,jenniferli627@slingacademy.com,female,946.113.9832x804,Polic,11/06/21
321,Bailey,Johnson,baileyjohnson588@slingacademy.com,female,191-537-4235x94004,Baker,14/02/19
322,Sandra,Jackson,sandrajackson911@slingacademy.com,female,(592)274-7263x337,Unkown,14/06/19
323,Steven,Stephens,stevenstephens702@slingacademy.com,male,235.944.6519x84532,Cashier,14/03/21
324,Richard,Barrera,richardbarrera408@slingacademy.com,male,+1-316-386-7074x144,Officer,18/03/19
325,Alexandra,Thompson,alexandrathompson540@slingacademy.com,female,426-005-3897,Architect,30/10/18
326,Rebecca,Diaz,rebeccadiaz726@slingacademy.com,female,+1-490-736-4965x2228,Housewife,26/04/23
327,Lindsey,Sharp,lindseysharp524@slingacademy.com,female,658-095-9684x1334,Lawyer,03/07/22
328,William,Duncan,williamduncan418@slingacademy.com,male,+1-865-090-5017x3278,Lawyer,29/09/19
329,Matthew,Johnson,matthewjohnson729@slingacademy.com,male,053.830.0823x864,Teacher,08/07/22
330,Bruce,Young,bruceyoung364@slingacademy.com,male,659.683.6080x8270,Artist,28/05/22
331,Andrew,Fleming,andrewfleming450@slingacademy.com,male,001-143-692-2582x2942,Receptionist,23/01/22
332,Steven,Cortez,stevencortez429@slingacademy.com,male,180.346.6802x84776,Lawyer,31/03/20
333,Sally,Boyle,sallyboyle778@slingacademy.com,female,(771)359-2587,Chef,09/11/19
334,Brenda,Davis,brendadavis173@slingacademy.com,female,+1-480-711-4253x8290,Student,22/09/19
335,Sean,Smith,seansmith996@slingacademy.com,male,+1-409-187-3935x15827,Janitor,11/08/21
336,Shannon,Gilbert,shannongilbert176@slingacademy.com,female,+1-351-664-5815x831,Farmer,05/03/20
337,Jose,Lee,joselee426@slingacademy.com,male,036-425-0165x9740,Politician,09/04/23
338,Justin,Russo,justinrusso980@slingacademy.com,male,(195)333-4904,Teacher,02/08/21
339,Felicia,Smith,feliciasmith589@slingacademy.com,female,(655)231-3030x70033,Clerk,17/03/22
340,Bruce,Mcknight,brucemcknight466@slingacademy.com,male,753-449-1076x83901,Housewife,16/09/18
341,Michael,Jarvis,michaeljarvis923@slingacademy.com,male,001-547-119-1252x0236,Baker,07/07/23
342,Megan,Christensen,meganchristensen843@slingacademy.com,female,3656944524,Student,07/09/21
343,Zachary,King,zacharyking771@slingacademy.com,male,+1-019-086-9258x243,Accountant,27/07/22
344,Jessica,Collins,jessicacollins591@slingacademy.com,female,001-892-520-8947x048,Chef,25/04/23
345,William,Hughes,williamhughes175@slingacademy.com,male,807.724.4101,Tailor,01/01/21
346,Amber,Fox,amberfox522@slingacademy.com,female,632-219-6194,Carpenter,14/09/21
347,Jeffrey,Hancock,jeffreyhancock187@slingacademy.com,male,980.790.5456,Mechanic,08/04/23
348,Nancy,Dean,nancydean897@slingacademy.com,female,001-963-662-1915x5261,Clerk,25/05/19
349,Sarah,Reynolds,sarahreynolds875@slingacademy.com,female,001-845-857-9678,Housewife,20/08/19
350,John,Pittman,johnpittman223@slingacademy.com,male,532-738-9829,Mechanic,17/11/21
351,Joshua,Jones,joshuajones885@slingacademy.com,male,(060)297-8111,Housewife,06/04/19
352,Jeffery,Robinson,jefferyrobinson371@slingacademy.com,male,502-706-3526x9144,Teacher,22/02/21
353,Debra,Peters,debrapeters111@slingacademy.com,female,646.402.5781x495,Nurse,07/10/21
354,Steven,Lewis,stevenlewis603@slingacademy.com,male,(558)291-1287x9008,Architect,26/02/19
355,Denise,Thomas,denisethomas504@slingacademy.com,female,001-620-546-2075x026,Scientist,25/04/23
356,Kimberly,Garza,kimberlygarza133@slingacademy.com,female,069-995-0203x40965,Officer,15/03/21
357,Gerald,Rush,geraldrush297@slingacademy.com,male,+1-105-083-8337x092,Student,04/08/20
358,Jeffrey,Rogers,jeffreyrogers314@slingacademy.com,male,-9221,Barber,05/04/20
359,Christine,Johnson,christinejohnson708@slingacademy.com,female,1623642034,Cashier,28/12/19
360,Maurice,Miller,mauricemiller654@slingacademy.com,male,+1-160-266-3898x473,Waiter,07/12/18
361,Michael,Rodriguez,michaelrodriguez529@slingacademy.com,male,(011)556-8642x384,Housewife,10/04/22
362,Sherry,Collins,sherrycollins895@slingacademy.com,female,001-943-211-5014x6744,Unemployed,18/10/19
363,Willie,Fernandez,williefernandez309@slingacademy.com,male,+1-012-178-8814x3064,Receptionist,17/05/21
364,Matthew,Kennedy,matthewkennedy713@slingacademy.com,male,(895)632-2541,Mechanic,06/03/23
365,Jennifer,Myers,jennifermyers876@slingacademy.com,female,713.315.6216x96588,Polic,17/04/21
366,James,Kelly,jameskelly632@slingacademy.com,male,173-822-6957x471,Waiter,10/08/18
367,Daniel,Paul,danielpaul555@slingacademy.com,male,035.841.4918x9187,Butcher,29/11/19
368,Wesley,Moore,wesleymoore172@slingacademy.com,male,304.198.0188,Housewife,23/03/19
369,Francisco,Shaw,franciscoshaw504@slingacademy.com,male,+1-553-983-2141x499,Chef,07/08/20
370,James,Cobb,jamescobb897@slingacademy.com,male,(662)360-4262x960,Mechanic,02/05/22
371,Colin,Roach,colinroach278@slingacademy.com,male,(955)056-2765,Baker,15/06/20
372,Sarah,Cruz,sarahcruz870@slingacademy.com,female,323-912-7257x0310,Accountant,15/04/23
373,Kelly,Martinez,kellymartinez374@slingacademy.com,female,001-361-720-6500x0984,Farmer,15/04/20
374,Mary,Swanson,maryswanson392@slingacademy.com,female,-5331,Nurse,26/03/19
375,Kimberly,Moreno,kimberlymoreno351@slingacademy.com,female,649.511.1971x8329,Firefighter,21/12/19
376,Andrew,Jenkins,andrewjenkins983@slingacademy.com,male,939.698.5112,Receptionist,09/06/21
377,Amber,Ramirez,amberramirez415@slingacademy.com,female,(674)013-3817x46967,Librarian,21/01/20
378,Holly,Fowler,hollyfowler486@slingacademy.com,female,001-597-809-2330x725,Security Guard,21/12/22
379,Jessica,Moore,jessicamoore202@slingacademy.com,female,(128)935-6357x6738,Officer,22/03/20
380,Kimberly,Martin,kimberlymartin280@slingacademy.com,female,3713293549,Janitor,20/12/20
381,Shawn,Neal,shawnneal311@slingacademy.com,male,+1-756-736-8219x927,Pilot,23/11/21
382,Sarah,Garcia,sarahgarcia897@slingacademy.com,female,+1-565-026-1982x8701,Officer,22/03/22
383,James,Salazar,jamessalazar971@slingacademy.com,male,001-456-501-0791x7964,Barber,15/01/21
384,Kyle,Evans,kyleevans801@slingacademy.com,male,8687281308,Tailor,07/09/22
385,John,Brown,johnbrown306@slingacademy.com,male,869.083.7518x8458,Lawyer,13/01/21
386,Stephanie,Stone,stephaniestone579@slingacademy.com,female,7680590703,Engineer,12/04/21
387,Veronica,Jones,veronicajones946@slingacademy.com,female,+1-750-321-9504x5477,Architect,25/01/19
388,Dale,Bauer,dalebauer260@slingacademy.com,male,2682295843,Lawyer,05/03/23
389,Brenda,Powell,brendapowell395@slingacademy.com,female,(135)415-7230x3423,Carpenter,11/03/19
390,Kelly,Sanchez,kellysanchez385@slingacademy.com,female,001-549-431-0392x640,Janitor,03/11/19
391,Jacob,Williamson,jacobwilliamson257@slingacademy.com,male,+1-591-060-0330x647,Engineer,02/06/21
392,Nicholas,Russell,nicholasrussell869@slingacademy.com,male,924.484.7935,Baker,09/08/19
393,Paul,Alvarez,paulalvarez390@slingacademy.com,male,425-443-1836,Student,15/09/19
394,Lauren,Perez,laurenperez268@slingacademy.com,female,297-346-4811x730,Waiter,15/08/21
395,Rebecca,Garcia,rebeccagarcia359@slingacademy.com,female,001-466-585-6866x011,Scientist,15/04/23
396,Stephanie,Richardson,stephanierichardson449@slingacademy.com,female,179-574-4428x733,Baker,28/11/21
397,Aaron,Bailey,aaronbailey774@slingacademy.com,male,+1-984-212-2199x3080,Accountant,05/09/21
398,Juan,Schwartz,juanschwartz916@slingacademy.com,male,+1-365-234-7311x1289,Waiter,22/12/22
399,Marc,Griffith,marcgriffith760@slingacademy.com,male,353.963.7257x10953,Housewife,22/10/19
400,Lisa,Mclean,lisamclean178@slingacademy.com,female,+1-520-657-5527x66953,Unkown,15/01/23
401,Rebecca,Gonzalez,rebeccagonzalez299@slingacademy.com,female,001-575-005-1428,Butcher,10/06/21
402,Michael,Tran,michaeltran858@slingacademy.com,male,111.966.0392x47686,Athlete,20/12/20
403,April,Cooper,aprilcooper368@slingacademy.com,female,168.899.7943x988,Scientist,29/01/19
404,John,Combs,johncombs689@slingacademy.com,male,-6181,Officer,14/12/18
405,Jonathan,Clark,jonathanclark863@slingacademy.com,male,293-097-5033x062,Waiter,22/07/21
406,Justin,Harris,justinharris611@slingacademy.com,male,(955)704-1536,Housewife,26/05/19
407,Rebecca,Rogers,rebeccarogers893@slingacademy.com,female,775-822-3387,Firefighter,10/08/22
408,Jamie,Hughes,jamiehughes440@slingacademy.com,female,708189739,Carpenter,04/01/22
409,Melissa,Wilson,melissawilson600@slingacademy.com,female,(879)655-4559,Artist,17/07/23
410,Cynthia,Smith,cynthiasmith967@slingacademy.com,female,001-788-075-5047,Butcher,17/09/22
411,Robert,Prince,robertprince880@slingacademy.com,male,4297279395,Chef,13/05/21
412,Daniel,Moore,danielmoore915@slingacademy.com,male,578.001.1587,Polic,01/01/21
413,Lisa,Allen,lisaallen308@slingacademy.com,female,(337)700-1131x92403,Security Guard,06/12/19
414,Julie,Hall,juliehall290@slingacademy.com,female,(297)024-6359,Politician,18/06/22
415,Christopher,Perez,christopherperez199@slingacademy.com,male,817.409.0760x92195,Clerk,24/06/21
416,Steven,Castillo,stevencastillo569@slingacademy.com,male,+1-382-547-9076x43906,Waitress,31/12/19
417,Michael,Wood,michaelwood756@slingacademy.com,male,001-347-866-9161x248,Pilot,03/02/20
418,Amanda,Davis,amandadavis517@slingacademy.com,female,933-556-3763,Politician,01/03/20
419,Raymond,Miles,raymondmiles781@slingacademy.com,male,366-749-4975x78721,Unemployed,27/10/18
420,Eric,Bender,ericbender189@slingacademy.com,male,347.425.0630x626,Janitor,11/03/22
421,Daniel,Orozco,danielorozco826@slingacademy.com,male,990-870-8463,Waitress,27/07/21
422,Jane,Pineda,janepineda954@slingacademy.com,female,885.392.6735,Artist,22/03/20
423,Benjamin,Payne,benjaminpayne924@slingacademy.com,male,+1-619-126-3991x566,Officer,27/03/20
424,Jennifer,Mcfarland,jennifermcfarland134@slingacademy.com,female,+1-239-484-5483x46365,Hairdresser,07/02/19
425,Rebecca,Wilson,rebeccawilson166@slingacademy.com,female,001-153-366-9185x3458,Doctor,02/07/23
426,Elizabeth,Jennings,elizabethjennings888@slingacademy.com,female,896.509.3105,Cashier,20/12/19
427,Leslie,Thomas,lesliethomas851@slingacademy.com,female,(177)851-2248x849,Engineer,25/01/20
428,Mark,Jones,markjones766@slingacademy.com,male,(835)101-1334x30648,Farmer,05/12/22
429,Emma,Flores,emmaflores164@slingacademy.com,female,001-308-248-1366x1012,Baker,24/11/22
430,Alex,Ramsey,alexramsey619@slingacademy.com,male,305.385.7688x25523,Cashier,09/06/22
431,Christina,Crawford,christinacrawford351@slingacademy.com,female,-6813,Doctor,30/08/22
432,Randy,Elliott,randyelliott568@slingacademy.com,male,709-181-6245x66499,Dentist,24/04/20
433,Joshua,Edwards,joshuaedwards551@slingacademy.com,male,062-288-0259x8213,Carpenter,03/10/22
434,Clarence,Hughes,clarencehughes280@slingacademy.com,male,7185624866,Lawyer,27/01/19
435,Patricia,Price,patriciaprice614@slingacademy.com,female,790.294.0753,Baker,17/01/21
436,Shelly,Cox,shellycox842@slingacademy.com,female,+1-659-951-6355x551,Athlete,19/02/19
437,Amanda,Berg,amandaberg591@slingacademy.com,female,638.043.5194x3188,Unkown,12/03/21
438,Rebecca,Duncan,rebeccaduncan343@slingacademy.com,female,747-163-4436,Teacher,17/05/22
439,Olivia,Rush,oliviarush716@slingacademy.com,female,218-513-0368x9879,Barber,30/08/22
440,Carrie,Hanson,carriehanson130@slingacademy.com,female,+1-236-611-1162x48294,Doctor,15/05/19
441,David,Evans,davidevans781@slingacademy.com,male,170.472.0219x907,Hairdresser,07/04/20
442,Sabrina,Hayes,sabrinahayes269@slingacademy.com,female,+1-383-792-5526x785,Artist,06/03/22
443,Jeffery,Peterson,jefferypeterson263@slingacademy.com,male,001-450-530-0545,Artist,22/01/21
444,Sheryl,Keith,sherylkeith744@slingacademy.com,female,023.537.3245,Housewife,19/06/21
445,Andrew,Palmer,andrewpalmer553@slingacademy.com,male,977-718-1112x85212,Polic,17/03/19
446,Wendy,Scott,wendyscott925@slingacademy.com,female,+1-168-161-9364x503,Receptionist,05/05/19
447,Thomas,Juarez,thomasjuarez767@slingacademy.com,male,4982595836,Architect,05/09/22
448,John,Lewis,johnlewis121@slingacademy.com,male,497-246-9492,Hairdresser,17/12/21
449,Kyle,Collins,kylecollins125@slingacademy.com,male,-8457,Engineer,04/04/23
450,Kevin,Sellers,kevinsellers765@slingacademy.com,male,770-493-4211,Lawyer,12/02/19
451,Courtney,Mueller,courtneymueller552@slingacademy.com,female,161.827.2747x5202,Housewife,12/06/23
452,Sara,Strickland,sarastrickland864@slingacademy.com,female,161-622-8947x018,Polic,09/10/19
453,Julie,Martinez,juliemartinez577@slingacademy.com,female,360.855.0449x5357,Artist,06/07/23
454,Sean,Williams,seanwilliams216@slingacademy.com,male,576-278-1572x214,Unemployed,06/07/19
455,Kayla,Gould,kaylagould412@slingacademy.com,female,(916)053-1739,Baker,05/12/22
456,Taylor,Marshall,taylormarshall954@slingacademy.com,female,180.379.6698x7640,Accountant,23/04/23
457,Amber,Wallace,amberwallace936@slingacademy.com,female,001-775-863-2764,Clerk,12/10/18
458,Robert,Cook,robertcook771@slingacademy.com,male,+1-616-866-9183x6304,Pilot,03/09/20
459,Crystal,Palmer,crystalpalmer582@slingacademy.com,female,658-534-0061x0437,Cashier,14/03/20
460,Anthony,King,anthonyking525@slingacademy.com,male,+1-257-240-7792x962,Doctor,16/08/18
461,Michael,Browning,michaelbrowning436@slingacademy.com,male,-8298,Tailor,03/04/21
462,Derrick,Berry,derrickberry128@slingacademy.com,male,477-821-1370x8449,Librarian,25/01/22
463,Kelly,Brown,kellybrown467@slingacademy.com,female,1385738589,Polic,21/05/22
464,Alicia,Rosales,aliciarosales539@slingacademy.com,female,(893)300-9695x8634,Receptionist,01/03/20
465,Eric,Rogers,ericrogers455@slingacademy.com,male,001-893-676-3083,Farmer,22/02/20
466,Mark,Chandler,markchandler985@slingacademy.com,male,+1-989-356-0148x4483,Firefighter,03/11/18
467,Jacob,Calderon,jacobcalderon640@slingacademy.com,male,-9859,Firefighter,26/11/20
468,Jonathan,Turner,jonathanturner769@slingacademy.com,male,9813910479,Teacher,07/04/23
469,Vanessa,Little,vanessalittle351@slingacademy.com,female,164.478.0963,Barber,03/03/19
470,Michael,Gonzales,michaelgonzales783@slingacademy.com,male,001-924-321-8749x332,Cashier,12/12/19
471,Lori,Morrow,lorimorrow317@slingacademy.com,female,(549)707-5809,Doctor,02/02/21
472,Taylor,Wagner,taylorwagner760@slingacademy.com,female,563679462,Unkown,26/08/22
473,Tanya,Martinez,tanyamartinez596@slingacademy.com,female,001-053-460-7640x563,Baker,16/03/19
474,Kimberly,Weaver,kimberlyweaver772@slingacademy.com,female,614-684-8227x52014,Barber,03/08/18
475,Michael,Duncan,michaelduncan867@slingacademy.com,male,001-471-226-0624,Clerk,05/08/22
476,Suzanne,Thompson,suzannethompson851@slingacademy.com,female,328.371.0868x55145,Student,25/07/19
477,Jessica,Ellis,jessicaellis902@slingacademy.com,female,(665)407-7494,Waiter,16/10/19
478,Michael,Little,michaellittle891@slingacademy.com,male,-2382,Dentist,19/05/23
479,Anna,Wong,annawong243@slingacademy.com,female,586.110.6282x73735,Hairdresser,01/12/19
480,Angela,Howard,angelahoward623@slingacademy.com,female,853-660-7372x805,Mechanic,30/12/19
481,Jack,Stephens,jackstephens534@slingacademy.com,male,+1-325-581-4164x12884,Pilot,10/01/20
482,Dustin,Lin,dustinlin142@slingacademy.com,male,596.765.4111x181,Artist,04/01/19
483,Kimberly,Wright,kimberlywright592@slingacademy.com,female,(523)588-1399,Tailor,02/03/23
484,Jason,Smith,jasonsmith377@slingacademy.com,male,923.018.7858,Farmer,10/08/19
485,Cory,Lopez,corylopez267@slingacademy.com,male,001-358-339-2510x641,Chef,15/12/21
486,Christina,Nelson,christinanelson514@slingacademy.com,female,(449)588-9411x70724,Tailor,20/11/19
487,Nathaniel,Juarez,nathanieljuarez137@slingacademy.com,male,796.692.3814,Clerk,14/05/20
488,Laura,Copeland,lauracopeland973@slingacademy.com,female,230-208-6729x432,Waiter,06/04/21
489,Jessica,Davis,jessicadavis929@slingacademy.com,female,-9274,Butcher,11/01/21
490,Janice,Hughes,janicehughes655@slingacademy.com,female,967-413-5109,Tailor,14/07/20
491,Andrew,Jones,andrewjones350@slingacademy.com,male,020.954.5398,Pilot,12/11/18
492,Andrea,Holder,andreaholder832@slingacademy.com,female,001-026-487-0963x0848,Dentist,14/10/18
493,Lee,Acosta,leeacosta708@slingacademy.com,male,225-633-9303x50644,Barber,15/01/20
494,Haley,Jones,haleyjones831@slingacademy.com,female,785.593.1813x31856,Farmer,01/05/23
495,Danielle,Hunter,daniellehunter649@slingacademy.com,female,-3809,Polic,12/08/22
496,Mark,Deleon,markdeleon296@slingacademy.com,male,568-045-6174x669,Hairdresser,26/09/20
497,Jessica,Pham,jessicapham388@slingacademy.com,female,135.222.5688x624,Lawyer,03/02/23
498,Marcia,Harris,marciaharris296@slingacademy.com,female,001-638-185-8805x5724,Architect,09/08/18
499,Peter,Johnston,peterjohnston438@slingacademy.com,male,(171)014-9035x5078,Nurse,30/08/20
500,Heather,Hendrix,heatherhendrix313@slingacademy.com,female,(845)819-5762,Doctor,26/12/18
501,Betty,English,bettyenglish108@slingacademy.com,female,482-509-2472x0628,Carpenter,08/09/22
502,Eric,Ferguson,ericferguson144@slingacademy.com,male,128.635.9988x0059,Dentist,01/03/21
503,Anthony,Park,anthonypark513@slingacademy.com,male,(358)833-9948x694,Firefighter,11/05/19
504,Jessica,Kim,jessicakim400@slingacademy.com,female,658.797.3596x462,Barber,11/10/19
505,Todd,Garcia,toddgarcia155@slingacademy.com,male,205.653.7320x574,Cashier,12/03/19
506,Charlotte,Ward,charlotteward691@slingacademy.com,female,001-895-334-8610x89235,Unkown,04/10/21
507,Michael,Mclean,michaelmclean725@slingacademy.com,male,001-241-226-2054x11620,Tailor,19/03/20
508,Jesse,Carroll,jessecarroll283@slingacademy.com,male,1147249189,Unkown,15/07/23
509,Timothy,Brown,timothybrown471@slingacademy.com,male,+1-678-692-0821x95566,Tailor,19/09/21
510,Anthony,Smith,anthonysmith783@slingacademy.com,male,+1-483-860-3326x052,Doctor,13/12/18
511,Denise,Rubio,deniserubio175@slingacademy.com,female,901.712.9561x660,Tailor,14/02/23
512,Michelle,Miller,michellemiller622@slingacademy.com,female,529-431-4060x0302,Student,21/09/22
513,Michael,Fisher,michaelfisher895@slingacademy.com,male,2695155149,Teacher,17/06/19
514,Christina,Salas,christinasalas345@slingacademy.com,female,(722)376-5599x0693,Nurse,27/06/19
515,Kimberly,Vega,kimberlyvega358@slingacademy.com,female,229.661.6756,Waiter,09/01/21
516,Michael,Olsen,michaelolsen664@slingacademy.com,male,+1-160-876-2364x287,Doctor,12/03/20
517,Jason,Kennedy,jasonkennedy439@slingacademy.com,male,855.148.8118x56963,Teacher,23/08/20
518,Robert,Weiss,robertweiss606@slingacademy.com,male,(621)960-3157,Engineer,03/01/22
519,Seth,Owens,sethowens207@slingacademy.com,male,001-038-343-1832x5531,Hairdresser,13/05/20
520,Jonathan,Barker,jonathanbarker989@slingacademy.com,male,+1-762-406-8690x51346,Hairdresser,28/07/22
521,Danielle,Riddle,danielleriddle396@slingacademy.com,female,(988)525-7680x4637,Accountant,11/09/21
522,Gregory,Hull,gregoryhull946@slingacademy.com,male,(420)098-4066x1282,Housewife,03/10/18
523,Kristen,Keith,kristenkeith167@slingacademy.com,female,001-857-010-1331x865,Politician,20/03/23
524,Victor,Villa,victorvilla295@slingacademy.com,male,-4998,Receptionist,18/07/20
525,Brian,Hill,brianhill967@slingacademy.com,male,475.424.7442,Mechanic,27/11/19
526,Ashley,Dodson,ashleydodson795@slingacademy.com,female,990.281.3613x989,Baker,26/10/21
527,Andrew,Hays,andrewhays420@slingacademy.com,male,+1-356-576-5911x01285,Security Guard,14/12/21
528,Nichole,Ochoa,nicholeochoa482@slingacademy.com,female,9822091432,Unemployed,25/06/21
529,James,Johnson,jamesjohnson951@slingacademy.com,male,073.030.6238x261,Chef,02/05/22
530,Christian,Hernandez,christianhernandez412@slingacademy.com,male,100-693-3442x52592,Farmer,23/10/19
531,Brandon,Banks,brandonbanks734@slingacademy.com,male,001-101-812-2669x0528,Teacher,18/06/21
532,Keith,Proctor,keithproctor594@slingacademy.com,male,(613)787-8746x0073,Architect,06/10/22
533,Nicholas,Robinson,nicholasrobinson191@slingacademy.com,male,001-806-411-6730x95406,Cashier,07/01/23
534,Ashley,Morris,ashleymorris753@slingacademy.com,female,+1-917-470-8529x329,Officer,03/06/20
535,Carol,Walton,carolwalton314@slingacademy.com,female,(943)108-6599x2496,Unemployed,16/10/21
536,Eugene,Burke,eugeneburke277@slingacademy.com,male,804-270-3248x038,Waitress,04/06/19
537,Sheri,Fernandez,sherifernandez687@slingacademy.com,female,(435)294-3484x9026,Farmer,25/05/22
538,Matthew,Thomas,matthewthomas990@slingacademy.com,male,8860156884,Architect,09/01/23
539,Victor,Haynes,victorhaynes993@slingacademy.com,male,(864)064-3927x6444,Barber,25/05/23
540,Tina,Medina,tinamedina106@slingacademy.com,female,+1-913-548-3132x2091,Doctor,03/06/22
541,Gabriel,Glenn,gabrielglenn611@slingacademy.com,male,927.642.5903x199,Butcher,30/10/18
542,Samantha,Small,samanthasmall786@slingacademy.com,female,+1-687-030-8168x390,Pilot,03/11/21
543,Renee,Smith,reneesmith495@slingacademy.com,female,(787)782-4979x7150,Politician,22/07/23
544,Brandon,Lindsey,brandonlindsey438@slingacademy.com,male,001-419-606-6431x358,Dentist,31/01/22
545,Evan,Farrell,evanfarrell341@slingacademy.com,male,001-059-224-0188x6050,Politician,15/08/22
546,Julie,Simon,juliesimon499@slingacademy.com,female,(359)650-7737x153,Baker,23/09/22
547,Michael,Brown,michaelbrown355@slingacademy.com,male,(638)359-7262x4213,Lawyer,03/11/22
548,David,Hardy,davidhardy395@slingacademy.com,male,+1-249-944-5089x10085,Accountant,07/05/21
549,Jacob,Dixon,jacobdixon509@slingacademy.com,male,+1-396-107-0249x639,Carpenter,03/06/23
550,Sheila,Johnson,sheilajohnson543@slingacademy.com,female,001-160-147-6800,Firefighter,25/08/19
551,Michael,Gilbert,michaelgilbert463@slingacademy.com,male,+1-011-804-5960x2897,Baker,18/08/20
552,Stephen,Smith,stephensmith199@slingacademy.com,male,4343467198,Butcher,03/04/20
553,Alvin,Andrade,alvinandrade279@slingacademy.com,male,016.495.1634x0752,Mechanic,22/10/18
554,Amanda,Lawson,amandalawson360@slingacademy.com,female,662.818.2758x26758,Pilot,08/10/20
555,Mary,Harris,maryharris698@slingacademy.com,female,101.363.5697x0599,Librarian,09/04/22
556,Mary,Mccormick,marymccormick110@slingacademy.com,female,(699)891-4300,Nurse,31/08/20
557,Rebecca,Murphy,rebeccamurphy656@slingacademy.com,female,+1-706-723-7674x306,Student,21/05/22
558,Timothy,Patterson,timothypatterson465@slingacademy.com,male,+1-251-868-9723x0510,Waitress,15/11/18
559,Theresa,Mills,theresamills300@slingacademy.com,female,(639)324-3804x1879,Accountant,01/06/22
560,Erin,Hays,erinhays121@slingacademy.com,female,001-881-710-3147x84076,Accountant,13/08/20
561,David,Wilson,davidwilson315@slingacademy.com,male,7388541505,Firefighter,06/06/22
562,Elizabeth,Mcdonald,elizabethmcdonald327@slingacademy.com,female,529-582-4692,Security Guard,26/11/18
563,David,Cooper,davidcooper488@slingacademy.com,male,(450)033-7263,Doctor,14/09/20
564,Amanda,Romero,amandaromero232@slingacademy.com,female,639-800-7127x57046,Receptionist,03/10/19
565,Lori,Walsh,loriwalsh276@slingacademy.com,female,+1-386-429-7508x23763,Mechanic,25/05/22
566,Maureen,Day,maureenday425@slingacademy.com,female,759.857.2613x43557,Firefighter,27/02/22
567,Christopher,Vincent,christophervincent981@slingacademy.com,male,(774)401-3846x13725,Lawyer,08/03/19
568,Christopher,Cooper,christophercooper169@slingacademy.com,male,124.246.1263,Security Guard,16/08/22
569,Angela,Francis,angelafrancis449@slingacademy.com,female,+1-138-027-8509x1016,Hairdresser,19/09/22
570,Susan,Garcia,susangarcia682@slingacademy.com,female,(792)476-2388,Security Guard,06/04/21
571,Jeffrey,Neal,jeffreyneal983@slingacademy.com,male,930.466.2609,Waitress,30/08/20
572,Rodney,Sutton,rodneysutton737@slingacademy.com,male,324-915-4193,Janitor,29/05/22
573,Ashley,Boyle,ashleyboyle616@slingacademy.com,female,+1-409-042-1141x13195,Cashier,17/07/22
574,Victor,Jimenez,victorjimenez228@slingacademy.com,male,329-775-8154,Student,17/10/21
575,Jonathan,Wright,jonathanwright175@slingacademy.com,male,529-936-9425x533,Mechanic,05/06/19
576,Kristina,Holland,kristinaholland483@slingacademy.com,female,675-158-4664,Dentist,08/08/21
577,Barbara,Flowers,barbaraflowers349@slingacademy.com,female,-7389,Lawyer,01/04/22
578,Brandon,Villarreal,brandonvillarreal798@slingacademy.com,male,001-750-154-3365x394,Barber,16/10/22
579,Nathan,Pena,nathanpena166@slingacademy.com,male,595-770-5523x301,Butcher,19/11/20
580,Melissa,Parker,melissaparker691@slingacademy.com,female,712.182.3946,Doctor,24/01/23
581,Rebecca,Kline,rebeccakline463@slingacademy.com,female,390.914.2934x69561,Receptionist,31/12/20
582,Susan,Navarro,susannavarro180@slingacademy.com,female,169-774-6643,Receptionist,24/08/21
583,Albert,Ruiz,albertruiz197@slingacademy.com,male,333.244.0240x1037,Architect,02/06/23
584,Breanna,Marsh,breannamarsh754@slingacademy.com,female,(779)592-4130,Receptionist,05/09/22
585,Mary,Perkins,maryperkins821@slingacademy.com,female,093-415-0249,Dentist,28/03/23
586,Amber,Rivera,amberrivera823@slingacademy.com,female,311-263-6049x7995,Pilot,23/08/18
587,Joseph,Petersen,josephpetersen634@slingacademy.com,male,1770752104,Officer,01/08/21
588,Richard,Williams,richardwilliams844@slingacademy.com,male,927-993-3692x81231,Lawyer,17/02/20
589,Bradley,Mccann,bradleymccann916@slingacademy.com,male,+1-050-167-2062x96711,Unkown,29/03/22
590,Kristine,Reynolds,kristinereynolds576@slingacademy.com,female,001-473-645-2141x9154,Housewife,02/02/23
591,Jessica,Cox,jessicacox848@slingacademy.com,female,-3426,Officer,11/01/19
592,John,Frazier,johnfrazier461@slingacademy.com,male,955.201.1358x2911,Janitor,24/11/22
593,Jordan,Anderson,jordananderson316@slingacademy.com,male,-8478,Politician,07/10/18
594,Geoffrey,Rogers,geoffreyrogers206@slingacademy.com,male,324.937.6500x4657,Dentist,07/02/21
595,Jessica,Smith,jessicasmith416@slingacademy.com,female,+1-547-258-8449x6657,Unkown,18/07/19
596,Julie,Rogers,julierogers229@slingacademy.com,female,617-913-2741x3442,Accountant,03/04/20
597,Teresa,Gallagher,teresagallagher910@slingacademy.com,female,001-959-479-1908x9005,Security Guard,30/12/18
598,Kenneth,Young,kennethyoung238@slingacademy.com,male,6560663133,Lawyer,15/12/19
599,Marissa,Hall,marissahall149@slingacademy.com,female,001-744-003-1432x75200,Artist,25/04/21
600,Manuel,Fletcher,manuelfletcher363@slingacademy.com,male,(119)583-1763x1603,Cashier,23/12/21
601,Brian,Wilkinson,brianwilkinson935@slingacademy.com,male,-4502,Unemployed,04/10/20
602,Richard,Lopez,richardlopez366@slingacademy.com,male,-10556,Mechanic,27/12/18
603,Jacqueline,Smith,jacquelinesmith301@slingacademy.com,female,6811356812,Chef,29/09/22
604,Claire,Wilson,clairewilson500@slingacademy.com,female,(246)687-3063x6251,Lawyer,23/10/20
605,Jacob,Walker,jacobwalker983@slingacademy.com,male,-681,Dentist,12/11/18
606,Paula,Stone,paulastone588@slingacademy.com,female,7912150672,Unkown,26/07/21
607,John,White,johnwhite122@slingacademy.com,male,(908)406-6440,Cashier,27/05/22
608,Melissa,Miller,melissamiller975@slingacademy.com,female,001-154-373-1573,Athlete,30/09/22
609,Brandon,Rodriguez,brandonrodriguez659@slingacademy.com,male,+1-836-512-7622x95840,Student,03/12/20
610,Mark,Butler,markbutler164@slingacademy.com,male,320-191-6913x8525,Teacher,04/07/20
611,Joshua,Greene,joshuagreene785@slingacademy.com,male,952-798-8233x842,Architect,04/10/20
612,Mikayla,Arnold,mikaylaarnold666@slingacademy.com,female,786.638.6820,Cashier,12/11/19
613,Lauren,Salazar,laurensalazar999@slingacademy.com,female,556-771-7136x0406,Janitor,18/01/19
614,Jennifer,Anderson,jenniferanderson420@slingacademy.com,female,+1-966-598-3016x959,Mechanic,28/04/21
615,Betty,Sullivan,bettysullivan808@slingacademy.com,female,421.580.0902x9815,Barber,14/07/23
616,Brandon,Lee,brandonlee327@slingacademy.com,male,806.914.0835,Librarian,06/04/19
617,Megan,Little,meganlittle764@slingacademy.com,female,308.277.4202,Chef,14/11/18
618,Anne,Dunn,annedunn196@slingacademy.com,female,(606)808-2802x58452,Architect,11/10/22
619,Lance,Gray,lancegray467@slingacademy.com,male,658-600-2274x1530,Artist,29/04/20
620,Alicia,Edwards,aliciaedwards846@slingacademy.com,female,9394722116,Clerk,09/04/21
621,Nichole,Clay,nicholeclay725@slingacademy.com,female,(509)901-5665x9430,Athlete,14/03/20
622,Trevor,Ball,trevorball638@slingacademy.com,male,291.534.3238,Unkown,02/02/20
623,Amy,Bailey,amybailey734@slingacademy.com,female,6131257217,Lawyer,14/01/22
624,Richard,Arnold,richardarnold774@slingacademy.com,male,+1-142-242-4508x8719,Unemployed,26/07/23
625,Regina,Wilson,reginawilson110@slingacademy.com,female,001-156-471-1061x7228,Clerk,07/05/21
626,Dennis,Green,dennisgreen111@slingacademy.com,male,(721)549-6626,Student,30/06/20
627,Paul,Terry,paulterry703@slingacademy.com,male,+1-419-386-6128x60695,Tailor,27/12/19
628,Amy,Carter,amycarter163@slingacademy.com,female,291.573.3089x76650,Mechanic,18/02/23
629,Annette,Lawrence,annettelawrence119@slingacademy.com,female,(271)225-8558x85550,Hairdresser,14/12/19
630,William,Contreras,williamcontreras230@slingacademy.com,male,(046)162-7437,Doctor,20/10/22
631,Sandra,Rogers,sandrarogers926@slingacademy.com,female,(213)182-0679x799,Teacher,05/09/20
632,Danielle,Ware,danielleware947@slingacademy.com,female,+1-179-637-2620x704,Polic,29/07/19
633,Tiffany,Sanchez,tiffanysanchez577@slingacademy.com,female,160.315.5908x5614,Student,01/01/20
634,Robert,David,robertdavid712@slingacademy.com,male,001-170-870-5422x77731,Lawyer,08/05/21
635,Cynthia,Smith,cynthiasmith578@slingacademy.com,female,618.749.2158x191,Nurse,18/05/23
636,Benjamin,Beck,benjaminbeck991@slingacademy.com,male,+1-223-031-9241x479,Farmer,29/03/23
637,Debra,Avila,debraavila531@slingacademy.com,female,(146)364-6325,Hairdresser,05/04/19
638,Molly,Carpenter,mollycarpenter734@slingacademy.com,female,001-253-773-2527x00778,Unemployed,25/11/18
639,Richard,Blackwell,richardblackwell931@slingacademy.com,male,135.736.4337,Polic,30/09/20
640,Casey,Grimes,caseygrimes136@slingacademy.com,female,001-111-244-1007x03600,Housewife,07/08/19
641,Yesenia,Calhoun,yeseniacalhoun332@slingacademy.com,female,(967)093-1432,Doctor,05/03/22
642,Jennifer,Morris,jennifermorris687@slingacademy.com,female,001-674-070-2067,Receptionist,16/10/20
643,Lauren,Owen,laurenowen169@slingacademy.com,female,(309)615-5407,Engineer,27/02/19
644,Cheryl,Torres,cheryltorres345@slingacademy.com,female,001-888-076-7041x3471,Mechanic,19/10/22
645,Gregory,Gomez,gregorygomez896@slingacademy.com,male,2391501517,Unkown,22/07/19
646,Angela,Hughes,angelahughes570@slingacademy.com,female,001-643-416-0882x0504,Accountant,05/12/19
647,Tracy,Evans,tracyevans892@slingacademy.com,female,3928071817,Clerk,20/04/19
648,Melissa,Proctor,melissaproctor661@slingacademy.com,female,300.920.4493x1849,Waitress,14/07/23
649,Paul,Lee,paullee464@slingacademy.com,male,799-067-9787x90990,Nurse,06/09/21
650,Gerald,Morgan,geraldmorgan444@slingacademy.com,male,001-588-303-5808x756,Chef,29/03/22
651,Casey,Robbins,caseyrobbins335@slingacademy.com,male,(704)299-4866,Doctor,11/08/19
652,Scott,Frank,scottfrank411@slingacademy.com,male,(144)960-5966,Farmer,17/09/22
653,Christopher,Anderson,christopheranderson206@slingacademy.com,male,985.416.2404,Farmer,27/07/20
654,Kimberly,Burnett,kimberlyburnett717@slingacademy.com,female,422.891.7813,Janitor,14/12/21
655,Danny,Nixon,dannynixon584@slingacademy.com,male,001-461-875-8949,Carpenter,15/09/18
656,Tanya,Cooper,tanyacooper666@slingacademy.com,female,(647)479-3211x88296,Waitress,22/03/19
657,Paula,Lee,paulalee488@slingacademy.com,female,000-843-1998x8615,Dentist,15/05/19
658,Christopher,Hernandez,christopherhernandez492@slingacademy.com,male,(124)613-8671x36452,Housewife,28/03/20
659,Alison,Banks,alisonbanks333@slingacademy.com,female,317-015-0932x558,Scientist,11/04/22
660,Richard,Smith,richardsmith298@slingacademy.com,male,262-766-0494,Security Guard,06/07/20
661,Alison,Fox,alisonfox262@slingacademy.com,female,001-703-212-6824x15702,Lawyer,22/09/20
662,Kenneth,Blake,kennethblake462@slingacademy.com,male,(910)237-6468,Polic,08/01/20
663,Jose,White,josewhite832@slingacademy.com,male,125-724-8163x50649,Polic,22/02/22
664,Bryan,Torres,bryantorres217@slingacademy.com,male,(611)404-1785,Firefighter,06/09/19
665,Sandra,Medina,sandramedina626@slingacademy.com,female,786.394.1814,Receptionist,14/10/18
666,Heather,Price,heatherprice643@slingacademy.com,female,(274)076-1792x556,Tailor,27/12/20
667,Mark,Powell,markpowell175@slingacademy.com,male,837-113-7371x584,Librarian,24/06/20
668,Ryan,Williamson,ryanwilliamson403@slingacademy.com,male,(338)740-8156,Firefighter,12/08/20
669,Richard,Brown,richardbrown596@slingacademy.com,male,+1-273-120-9828x500,Accountant,28/04/19
670,Andrew,Baldwin,andrewbaldwin225@slingacademy.com,male,(262)670-6626,Librarian,05/09/19
671,Richard,Taylor,richardtaylor733@slingacademy.com,male,+1-682-914-3838x8730,Tailor,14/04/22
672,Nathaniel,Arroyo,nathanielarroyo803@slingacademy.com,male,608.468.2440x952,Artist,24/04/20
673,Debra,Hernandez,debrahernandez767@slingacademy.com,female,-5791,Baker,18/09/21
674,Justin,Coleman,justincoleman483@slingacademy.com,male,001-293-836-4983,Architect,09/01/23
675,Toni,Wilson,toniwilson101@slingacademy.com,female,+1-875-402-2528x4074,Pilot,29/08/19
676,Carlos,Evans,carlosevans519@slingacademy.com,male,713-469-0065x7501,Architect,28/10/21
677,Jason,Contreras,jasoncontreras178@slingacademy.com,male,(563)647-4830x5318,Waiter,05/08/19
678,Troy,Wilson,troywilson928@slingacademy.com,male,+1-126-247-0398x84594,Student,25/06/19
679,Barbara,Smith,barbarasmith101@slingacademy.com,female,(228)791-9013,Doctor,04/08/19
680,Angela,Ramirez,angelaramirez810@slingacademy.com,female,001-583-518-4186x6923,Barber,24/05/23
681,Maria,Leonard,marialeonard114@slingacademy.com,female,-6059,Cashier,05/01/23
682,Michael,Mcdonald,michaelmcdonald578@slingacademy.com,male,001-303-876-9584x84773,Unemployed,17/04/20
683,Robert,Porter,robertporter408@slingacademy.com,male,670-854-4556x693,Dentist,14/07/20
684,Alyssa,Walker,alyssawalker258@slingacademy.com,female,009.565.0773x4233,Student,24/04/21
685,John,Lee,johnlee217@slingacademy.com,male,5633840676,Janitor,09/12/22
686,Judy,Dillon,judydillon345@slingacademy.com,female,9223647411,Butcher,25/05/21
687,Denise,Davis,denisedavis324@slingacademy.com,female,(556)920-4149x852,Engineer,12/01/22
688,Philip,Vargas,philipvargas623@slingacademy.com,male,001-699-396-4378,Nurse,25/04/19
689,Emily,Sanders,emilysanders780@slingacademy.com,female,(105)604-4006,Accountant,18/01/20
690,Brian,Joyce,brianjoyce110@slingacademy.com,male,3528465094,Clerk,03/07/23
691,Jonathan,Caldwell,jonathancaldwell409@slingacademy.com,male,001-215-759-0112x6382,Pilot,26/04/22
692,Rachel,Flores,rachelflores224@slingacademy.com,female,-7269,Barber,14/01/20
693,Lucas,Lewis,lucaslewis226@slingacademy.com,male,+1-622-966-8266x235,Janitor,25/09/19
694,Kenneth,Huff,kennethhuff143@slingacademy.com,male,141.456.8295,Waitress,18/06/22
695,Samuel,Jackson,samueljackson708@slingacademy.com,male,456-045-7429x8264,Engineer,10/03/21
696,Jennifer,Obrien,jenniferobrien794@slingacademy.com,female,286.131.4129x491,Accountant,20/04/23
697,Jacob,West,jacobwest511@slingacademy.com,male,430.646.4471,Doctor,27/05/19
698,Patrick,Campbell,patrickcampbell814@slingacademy.com,male,001-192-108-5085x880,Accountant,04/09/21
699,Jacqueline,Cook,jacquelinecook436@slingacademy.com,female,971-291-1386x1226,Waiter,06/04/19
700,Tim,Jones,timjones317@slingacademy.com,male,001-265-477-7702x62107,Teacher,12/03/23
701,Emily,Davis,emilydavis539@slingacademy.com,female,545.096.7227x7817,Mechanic,14/11/20
702,Colleen,Garza,colleengarza896@slingacademy.com,female,1608898879,Athlete,09/06/21
703,David,Davis,daviddavis908@slingacademy.com,male,479-091-6537,Waitress,24/04/19
704,Michael,Larson,michaellarson861@slingacademy.com,male,221.915.9550x053,Barber,23/09/21
705,Nathan,Nelson,nathannelson356@slingacademy.com,male,3922014858,Student,29/12/21
706,Robert,Silva,robertsilva465@slingacademy.com,male,+1-313-869-0384x841,Tailor,20/09/20
707,Regina,Morales,reginamorales559@slingacademy.com,female,001-651-823-2042x35948,Security Guard,01/06/20
708,Jeffrey,Brown,jeffreybrown816@slingacademy.com,male,2917451445,Hairdresser,14/08/18
709,William,Wagner,williamwagner967@slingacademy.com,male,+1-221-962-3253x6325,Athlete,27/06/21
710,Kevin,Thomas,kevinthomas242@slingacademy.com,male,+1-247-968-7713x7306,Unemployed,03/02/21
711,Dennis,Thompson,dennisthompson800@slingacademy.com,male,(303)922-5187x767,Baker,06/05/21
712,Raymond,Peck,raymondpeck288@slingacademy.com,male,897-362-7773,Tailor,06/08/21
713,Douglas,Wright,douglaswright254@slingacademy.com,male,248.283.8475,Waitress,29/01/23
714,Amber,Arnold,amberarnold868@slingacademy.com,female,001-877-983-1069,Butcher,18/07/20
715,Alexander,Rodriguez,alexanderrodriguez847@slingacademy.com,male,(752)314-9555,Janitor,08/01/23
716,Heidi,Reeves,heidireeves511@slingacademy.com,female,452-912-1425x79315,Nurse,12/01/21
717,Jasmine,Young,jasmineyoung370@slingacademy.com,female,(770)852-2981x16146,Receptionist,19/07/22
718,Stephen,Walker,stephenwalker680@slingacademy.com,male,490.278.1517x7149,Receptionist,31/01/22
719,Michael,Palmer,michaelpalmer470@slingacademy.com,male,642.894.7735,Pilot,27/11/21
720,Gerald,Green,geraldgreen789@slingacademy.com,male,495.293.3933x629,Nurse,02/07/19
721,Stephen,Hanson,stephenhanson800@slingacademy.com,male,668-779-0219,Waitress,25/04/21
722,Jacqueline,Garcia,jacquelinegarcia787@slingacademy.com,female,(848)801-0743,Tailor,04/06/21
723,Jamie,Flores,jamieflores144@slingacademy.com,female,+1-572-414-2354x217,Tailor,21/02/19
724,Amy,Green,amygreen529@slingacademy.com,female,457-191-3357x888,Cashier,21/06/22
725,Mary,Johnson,maryjohnson489@slingacademy.com,female,001-514-100-7361x66136,Pilot,04/09/22
726,Kenneth,Carter,kennethcarter728@slingacademy.com,male,001-298-443-9265,Engineer,24/06/23
727,Michael,Oneill,michaeloneill104@slingacademy.com,male,963-127-0885x0803,Accountant,16/04/21
728,Brian,Blackburn,brianblackburn727@slingacademy.com,male,941-632-1402x41703,Chef,19/10/20
729,Yvonne,Ford,yvonneford241@slingacademy.com,female,154.769.9565x87246,Tailor,06/09/21
730,Megan,Rivera,meganrivera546@slingacademy.com,female,+1-816-643-9382x6663,Chef,21/06/19
731,Tina,French,tinafrench111@slingacademy.com,female,8675338672,Waitress,28/01/23
732,Susan,Henson,susanhenson229@slingacademy.com,female,923-931-2840,Waiter,21/03/23
733,Dave,Kelly,davekelly379@slingacademy.com,male,428-813-9259x5885,Mechanic,18/04/20
734,Keith,Rios,keithrios949@slingacademy.com,male,268.929.0263,Scientist,29/05/20
735,Robin,Morgan,robinmorgan939@slingacademy.com,female,(935)996-6793,Housewife,21/05/20
736,Kevin,Smith,kevinsmith744@slingacademy.com,male,9823460193,Butcher,14/03/23
737,Suzanne,Schmidt,suzanneschmidt937@slingacademy.com,female,(061)821-5901,Student,05/04/20
738,Allison,Peterson,allisonpeterson722@slingacademy.com,female,5562119984,Scientist,15/04/23
739,Cody,Salinas,codysalinas340@slingacademy.com,male,841-001-0836,Engineer,17/02/21
740,Dan,Smith,dansmith727@slingacademy.com,male,604.269.4917x2873,Officer,05/05/23
741,Daniel,Davies,danieldavies989@slingacademy.com,male,085-514-5425x664,Clerk,20/03/19
742,David,Oconnor,davidoconnor457@slingacademy.com,male,687-242-0191x97958,Lawyer,21/09/19
743,Zachary,Gonzales,zacharygonzales193@slingacademy.com,male,+1-265-801-9977x632,Unemployed,17/06/23
744,Diana,Herring,dianaherring411@slingacademy.com,female,+1-394-262-6499x506,Hairdresser,14/04/21
745,Connor,Bauer,connorbauer137@slingacademy.com,male,001-855-849-4774x954,Butcher,23/10/19
746,Destiny,Bennett,destinybennett120@slingacademy.com,female,475-270-2487x2571,Tailor,15/01/19
747,Sarah,Spencer,sarahspencer895@slingacademy.com,female,480-349-0392,Janitor,01/07/21
748,Jacqueline,Chambers,jacquelinechambers543@slingacademy.com,female,562-003-1590,Accountant,28/09/21
749,Michael,Decker,michaeldecker163@slingacademy.com,male,290043887,Janitor,18/12/20
750,Emily,Howard,emilyhoward984@slingacademy.com,female,001-234-496-8998x92275,Librarian,26/10/22
751,Douglas,Brown,douglasbrown865@slingacademy.com,male,860.170.8345x2420,Unemployed,11/12/18
752,Steve,Jackson,stevejackson413@slingacademy.com,male,(541)892-1991x13238,Lawyer,06/09/21
753,Maria,Burnett,mariaburnett804@slingacademy.com,female,001-008-741-7688,Teacher,04/11/20
754,Sarah,Maldonado,sarahmaldonado138@slingacademy.com,female,+1-283-403-6158x702,Artist,14/05/20
755,Timothy,Wells,timothywells902@slingacademy.com,male,468.440.3998,Receptionist,04/05/23
756,Roberto,Nichols,robertonichols457@slingacademy.com,male,001-894-733-3951,Mechanic,20/01/19
757,Anthony,Gutierrez,anthonygutierrez407@slingacademy.com,male,980-991-6551x0673,Architect,19/05/23
758,Elizabeth,Smith,elizabethsmith907@slingacademy.com,female,166-686-4193x396,Firefighter,28/07/19
759,Ashley,Rogers,ashleyrogers966@slingacademy.com,female,993-804-6759x0849,Firefighter,04/02/19
760,Erik,Keller,erikkeller624@slingacademy.com,male,(122)128-6698x81448,Hairdresser,18/04/20
761,James,Johnson,jamesjohnson660@slingacademy.com,male,001-295-152-2880x529,Politician,04/11/19
762,Veronica,Perez,veronicaperez342@slingacademy.com,female,-6209,Student,25/10/20
763,Ryan,Garza,ryangarza609@slingacademy.com,male,7258076391,Athlete,11/04/20
764,Michelle,Edwards,michelleedwards355@slingacademy.com,female,+1-558-415-6058x7084,Unkown,13/10/18
765,Paul,Chavez,paulchavez904@slingacademy.com,male,001-418-601-7035,Clerk,24/11/19
766,Zachary,Hill,zacharyhill230@slingacademy.com,male,104-592-4472,Dentist,16/11/19
767,Carol,Jordan,caroljordan852@slingacademy.com,female,(003)662-4724,Architect,09/02/21
768,Catherine,Jordan,catherinejordan792@slingacademy.com,female,919-264-2211x2915,Lawyer,25/05/22
769,Scott,Perez,scottperez509@slingacademy.com,male,+1-255-872-2264x719,Janitor,09/05/23
770,Aaron,Carey,aaroncarey644@slingacademy.com,male,362.047.7787x857,Firefighter,13/10/22
771,Chris,Gordon,chrisgordon660@slingacademy.com,male,868.620.3989,Hairdresser,17/05/20
772,Abigail,Middleton,abigailmiddleton517@slingacademy.com,female,359.948.2563x84650,Security Guard,20/10/19
773,Christina,Vazquez,christinavazquez516@slingacademy.com,female,726.048.0891,Dentist,14/01/19
774,Selena,Jones,selenajones479@slingacademy.com,female,2323700362,Barber,09/05/23
775,Michelle,Collins,michellecollins192@slingacademy.com,female,(377)901-5059x66423,Teacher,10/12/21
776,Dominique,Bell,dominiquebell687@slingacademy.com,female,(678)218-4398,Security Guard,14/06/23
777,Kelly,Holmes,kellyholmes473@slingacademy.com,male,7080641202,Politician,22/02/19
778,Jeffery,Stevenson,jefferystevenson696@slingacademy.com,male,001-821-907-0607x3350,Barber,11/05/22
779,Katherine,Phillips,katherinephillips422@slingacademy.com,female,806-464-9090x526,Athlete,09/03/21
780,Olivia,Shaw,oliviashaw123@slingacademy.com,female,+1-527-981-9322x35540,Tailor,21/10/19
781,Pamela,Thompson,pamelathompson911@slingacademy.com,female,(693)073-5569x9356,Athlete,11/05/19
782,Amy,Hebert,amyhebert345@slingacademy.com,female,523.905.4321x842,Cashier,16/12/20
783,Tara,Davis,taradavis415@slingacademy.com,female,5752001639,Lawyer,23/05/23
784,William,Farmer,williamfarmer196@slingacademy.com,male,001-018-482-0709x2917,Butcher,07/08/20
785,Ricky,Moore,rickymoore327@slingacademy.com,male,001-928-253-4207x100,Janitor,19/04/21
786,Lorraine,Powell,lorrainepowell248@slingacademy.com,female,718.871.8092x916,Architect,06/11/21
787,Luis,Green,luisgreen860@slingacademy.com,male,001-185-140-3783,Nurse,30/10/20
788,Desiree,Holmes,desireeholmes543@slingacademy.com,female,576.093.6933x5404,Baker,30/04/20
789,Bradley,Williams,bradleywilliams694@slingacademy.com,male,+1-452-698-9320x341,Hairdresser,30/04/21
790,Jordan,Ellis,jordanellis644@slingacademy.com,female,(445)571-3308,Mechanic,26/10/22
791,Tyler,Jones,tylerjones637@slingacademy.com,male,912-445-7716x34658,Mechanic,19/11/20
792,Alex,Reyes,alexreyes499@slingacademy.com,male,+1-423-003-7004x11368,Architect,09/05/20
793,Joshua,Gay,joshuagay234@slingacademy.com,male,(496)364-3896,Chef,05/08/19
794,Aaron,Bowers,aaronbowers898@slingacademy.com,male,026-297-0389,Hairdresser,10/08/20
795,Daniel,Ramirez,danielramirez576@slingacademy.com,male,+1-097-868-9173x00413,Waiter,16/10/19
796,Joshua,Phillips,joshuaphillips186@slingacademy.com,male,617.339.3920x33593,Housewife,18/09/18
797,Angelica,Chavez,angelicachavez151@slingacademy.com,female,001-127-834-3829x39359,Janitor,18/03/23
798,Bryce,Gilbert,brycegilbert226@slingacademy.com,male,616.710.1973,Nurse,14/06/22
799,Jacqueline,Pope,jacquelinepope667@slingacademy.com,female,867-674-7891x611,Firefighter,08/11/21
800,Bryan,Huang,bryanhuang127@slingacademy.com,male,001-619-479-3283x3620,Doctor,18/10/21
801,Tracy,Lee,tracylee198@slingacademy.com,female,(357)362-5579x6269,Accountant,08/09/22
802,Barbara,Lucero,barbaralucero565@slingacademy.com,female,-1067,Hairdresser,10/04/19
803,Joann,Snyder,joannsnyder534@slingacademy.com,female,497-751-7389,Accountant,09/09/19
804,Natalie,Evans,natalieevans949@slingacademy.com,female,001-364-899-4939,Chef,22/08/21
805,Alexander,Wilson,alexanderwilson453@slingacademy.com,male,942.385.5115,Carpenter,24/09/19
806,Scott,Rollins,scottrollins978@slingacademy.com,male,001-040-746-8618x14678,Hairdresser,14/10/21
807,Peter,Fields,peterfields736@slingacademy.com,male,001-173-770-7102x901,Hairdresser,22/02/19
808,Melissa,Barrera,melissabarrera969@slingacademy.com,female,542.362.6145,Engineer,24/02/20
809,Michael,Vargas,michaelvargas855@slingacademy.com,male,695.808.5783,Cashier,12/07/19
810,Kathy,Miller,kathymiller852@slingacademy.com,female,6675398436,Janitor,17/09/20
811,David,Dunn,daviddunn107@slingacademy.com,male,+1-231-859-2427x43049,Scientist,15/06/20
812,Susan,Norman,susannorman864@slingacademy.com,female,-4150,Security Guard,24/03/21
813,Timothy,James,timothyjames419@slingacademy.com,male,8292557357,Receptionist,02/07/23
814,Marcus,Sullivan,marcussullivan246@slingacademy.com,male,106863261,Dentist,26/04/22
815,Aaron,Silva,aaronsilva819@slingacademy.com,male,001-566-374-1020x12917,Receptionist,17/07/22
816,Jessica,Fry,jessicafry620@slingacademy.com,female,274.388.0727,Student,25/07/23
817,Jennifer,Diaz,jenniferdiaz284@slingacademy.com,female,(210)350-7656x074,Waitress,11/12/21
818,Colton,Davis,coltondavis392@slingacademy.com,male,268.081.0440,Butcher,26/03/21
819,Misty,Young,mistyyoung569@slingacademy.com,female,001-943-332-7449x02544,Pilot,07/07/21
820,John,Cross,johncross950@slingacademy.com,male,1734411319,Nurse,09/02/21
821,Eric,Rogers,ericrogers684@slingacademy.com,male,(301)408-9491x320,Nurse,27/05/22
822,Kayla,James,kaylajames274@slingacademy.com,female,007-150-5379,Lawyer,24/01/22
823,Alex,Scott,alexscott431@slingacademy.com,male,240-029-8982x42407,Tailor,01/09/22
824,Amy,Green,amygreen614@slingacademy.com,female,-10415,Waitress,19/02/20
825,Jessica,Warren,jessicawarren790@slingacademy.com,female,(310)426-2727,Artist,09/05/19
826,Thomas,Webb,thomaswebb909@slingacademy.com,male,001-519-700-4385x0989,Firefighter,15/11/20
827,Dale,Ramirez,daleramirez845@slingacademy.com,male,9094864244,Butcher,20/12/20
828,Linda,Andrews,lindaandrews851@slingacademy.com,female,001-018-805-3743x4301,Accountant,02/02/21
829,Jonathan,White,jonathanwhite193@slingacademy.com,male,+1-226-167-6801x870,Carpenter,06/07/22
830,Kendra,King,kendraking107@slingacademy.com,female,197.853.9601,Accountant,09/01/23
831,Chad,Rhodes,chadrhodes292@slingacademy.com,male,+1-278-272-7645x0606,Carpenter,28/05/23
832,David,Hall,davidhall449@slingacademy.com,male,293.840.5656x2478,Butcher,23/07/19
833,Zoe,Sullivan,zoesullivan680@slingacademy.com,female,5267675886,Athlete,25/07/23
834,Michele,Patel,michelepatel130@slingacademy.com,female,821.762.0850,Security Guard,18/03/19
835,Aaron,Taylor,aarontaylor759@slingacademy.com,male,333-238-5743x01169,Barber,10/08/21
836,Kristen,Griffith,kristengriffith374@slingacademy.com,female,+1-768-661-1275x2897,Receptionist,21/09/20
837,Jonathon,Espinoza,jonathonespinoza130@slingacademy.com,male,8869991280,Mechanic,08/08/22
838,Daniel,Thompson,danielthompson487@slingacademy.com,male,001-810-646-6012x183,Barber,27/11/20
839,Jonathan,Joseph,jonathanjoseph448@slingacademy.com,male,+1-288-783-9389x0550,Hairdresser,14/02/23
840,Michael,Robinson,michaelrobinson136@slingacademy.com,male,641-645-9111x766,Accountant,26/04/23
841,Michael,Riley,michaelriley450@slingacademy.com,male,-10391,Butcher,17/02/21
842,Elaine,Norris,elainenorris381@slingacademy.com,female,+1-069-302-6470x2247,Barber,28/06/19
843,Sally,Velasquez,sallyvelasquez896@slingacademy.com,female,(985)966-4555x392,Doctor,10/10/19
844,Paul,Gordon,paulgordon532@slingacademy.com,male,+1-161-997-7481x478,Firefighter,23/06/19
845,Michael,Gomez,michaelgomez340@slingacademy.com,male,001-772-844-0639x929,Dentist,11/05/22
846,Angela,Holloway,angelaholloway845@slingacademy.com,female,+1-481-725-3644x1384,Athlete,24/08/22
847,Rachael,Phillips,rachaelphillips205@slingacademy.com,female,887.771.5936x9490,Barber,23/11/19
848,Rebecca,Whitehead,rebeccawhitehead719@slingacademy.com,female,999.858.8388x83913,Tailor,21/07/19
849,Troy,Carr,troycarr793@slingacademy.com,male,001-265-462-2624,Dentist,11/12/20
850,Bonnie,Smith,bonniesmith516@slingacademy.com,female,549.847.2713x3966,Cashier,05/02/22
851,Marcus,Hernandez,marcushernandez500@slingacademy.com,male,(298)975-0941,Scientist,20/11/21
852,Heather,Murphy,heathermurphy870@slingacademy.com,female,001-944-711-0477x142,Security Guard,15/04/20
853,Charles,Mejia,charlesmejia549@slingacademy.com,male,+1-357-404-0215x96926,Engineer,26/11/20
854,Tracy,Smith,tracysmith526@slingacademy.com,female,737-916-2063x28870,Clerk,28/05/23
855,Gregory,Evans,gregoryevans409@slingacademy.com,male,001-581-565-5268,Librarian,02/06/20
856,Philip,Dickerson,philipdickerson350@slingacademy.com,male,(472)473-3981,Pilot,30/04/21
857,Charles,Salas,charlessalas672@slingacademy.com,male,981.870.3082,Waiter,30/11/18
858,Erin,Harper,erinharper611@slingacademy.com,female,(944)630-3637,Farmer,24/10/22
859,Victoria,Bray,victoriabray343@slingacademy.com,female,739-217-8339x37338,Officer,04/09/20
860,Jose,Boyd,joseboyd464@slingacademy.com,male,(505)907-9511,Officer,26/03/23
861,Joseph,Palmer,josephpalmer251@slingacademy.com,male,(066)906-6757,Waitress,15/11/20
862,Carolyn,Kelly,carolynkelly560@slingacademy.com,female,565801103,Cashier,10/03/21
863,Mike,Chan,mikechan788@slingacademy.com,male,+1-480-428-1223x496,Accountant,01/02/20
864,John,Gordon,johngordon846@slingacademy.com,male,21039817,Waiter,25/04/23
865,Leslie,Taylor,leslietaylor948@slingacademy.com,female,(444)939-4293,Waiter,31/08/22
866,Christopher,Cunningham,christophercunningham872@slingacademy.com,male,620-462-1068,Officer,29/01/21
867,Donald,Hansen,donaldhansen879@slingacademy.com,male,589-463-7922x0921,Receptionist,12/04/21
868,Taylor,Vasquez,taylorvasquez205@slingacademy.com,female,9117057036,Student,27/01/19
869,Anita,Terry,anitaterry622@slingacademy.com,female,(959)312-3528,Artist,29/01/23
870,Elizabeth,Lynch,elizabethlynch675@slingacademy.com,female,-7785,Butcher,27/07/22
871,Benjamin,Hunter,benjaminhunter293@slingacademy.com,male,4080217312,Nurse,13/08/22
872,Alec,Brock,alecbrock104@slingacademy.com,male,(715)835-6759x24190,Mechanic,13/11/18
873,Rachel,Randolph,rachelrandolph221@slingacademy.com,female,372.054.0157x12800,Chef,28/03/22
874,Steven,Martin,stevenmartin282@slingacademy.com,male,001-093-788-0438x265,Politician,09/03/23
875,Elizabeth,Moody,elizabethmoody145@slingacademy.com,female,+1-234-574-9354x07826,Polic,17/04/20
876,William,Bauer,williambauer432@slingacademy.com,male,646.268.8971x5324,Librarian,03/06/23
877,Jon,Martin,jonmartin130@slingacademy.com,male,+1-714-286-2251x61760,Security Guard,09/10/22
878,Ethan,Miller,ethanmiller611@slingacademy.com,male,050-260-2644x3349,Teacher,27/06/21
879,Stephanie,Small,stephaniesmall183@slingacademy.com,female,001-218-365-5027x8693,Housewife,13/11/19
880,Victoria,Li,victoriali862@slingacademy.com,female,713.293.1006x416,Baker,27/09/20
881,Leah,Ho,leahho138@slingacademy.com,female,919.179.5301,Student,12/09/18
882,Aaron,Bowen,aaronbowen698@slingacademy.com,male,3269772261,Tailor,05/06/23
883,William,Wiley,williamwiley806@slingacademy.com,male,001-752-328-3209x193,Architect,22/12/20
884,Jason,Mora,jasonmora645@slingacademy.com,male,+1-697-054-5135x19748,Lawyer,11/10/22
885,Melody,Lawrence,melodylawrence155@slingacademy.com,female,930.277.5191x376,Waiter,29/01/21
886,Anthony,Jones,anthonyjones969@slingacademy.com,male,(106)564-6954x6525,Firefighter,30/12/18
887,Kari,Miller,karimiller153@slingacademy.com,female,590.524.1772x951,Teacher,07/09/19
888,Heidi,Aguirre,heidiaguirre984@slingacademy.com,female,(237)778-3235x235,Waiter,08/09/19
889,Kenneth,Daniel,kennethdaniel449@slingacademy.com,male,114-705-2768x107,Janitor,14/10/22
890,Katherine,Santos,katherinesantos481@slingacademy.com,female,(101)962-0281x9757,Doctor,17/05/23
891,Douglas,Clayton,douglasclayton173@slingacademy.com,male,+1-197-912-5743x77325,Mechanic,07/03/23
892,Doris,Hodges,dorishodges953@slingacademy.com,female,+1-590-074-9702x02856,Unemployed,15/11/21
893,Cathy,Wood,cathywood956@slingacademy.com,female,425.141.2245x32751,Unkown,15/05/20
894,Andrea,Morris,andreamorris243@slingacademy.com,female,773-412-5539x448,Baker,01/09/18
895,David,Watson,davidwatson346@slingacademy.com,male,313.741.3416,Lawyer,05/05/23
896,Samantha,Marks,samanthamarks933@slingacademy.com,female,(038)072-4640x40926,Butcher,14/02/21
897,Alexis,Knight,alexisknight396@slingacademy.com,female,001-835-110-6834x7615,Unkown,07/12/19
898,Robert,Peterson,robertpeterson750@slingacademy.com,male,840267092,Chef,17/11/21
899,Felicia,Anderson,feliciaanderson760@slingacademy.com,female,309.636.9462,Barber,25/07/22
900,Maxwell,Anderson,maxwellanderson963@slingacademy.com,male,611.384.9685x8554,Carpenter,26/11/18
901,Brandon,Ford,brandonford274@slingacademy.com,male,001-177-765-5536x4062,Carpenter,24/07/23
902,Jacqueline,Hutchinson,jacquelinehutchinson366@slingacademy.com,female,(651)353-0206x7706,Nurse,16/11/22
903,Lori,Jones,lorijones850@slingacademy.com,female,487-407-9626x46130,Artist,01/05/22
904,Emily,Hines,emilyhines718@slingacademy.com,female,450-193-1659,Security Guard,09/03/22
905,Nathaniel,Evans,nathanielevans974@slingacademy.com,male,156-018-8895,Teacher,23/02/21
906,Kevin,Hill,kevinhill994@slingacademy.com,male,788-731-3933,Waitress,29/08/21
907,Lydia,Waller,lydiawaller541@slingacademy.com,female,001-468-675-8174,Pilot,09/12/19
908,Laura,Johnson,laurajohnson109@slingacademy.com,female,690.655.9721x9069,Housewife,20/04/19
909,Roy,Johnson,royjohnson289@slingacademy.com,male,233114900,Athlete,25/09/19
910,Jenna,Valdez,jennavaldez374@slingacademy.com,female,921.077.5900x4374,Pilot,05/05/22
911,Courtney,Hickman,courtneyhickman293@slingacademy.com,female,+1-967-411-6639x69836,Doctor,02/01/22
912,Kyle,Lee,kylelee492@slingacademy.com,male,-1949,Architect,23/10/21
913,Lindsey,Mata,lindseymata262@slingacademy.com,female,001-274-361-9552x71153,Nurse,29/08/20
914,Jerry,Baker,jerrybaker964@slingacademy.com,male,001-768-650-1377,Athlete,25/10/21
915,Kelly,Alexander,kellyalexander540@slingacademy.com,female,+1-325-784-5039x91135,Engineer,07/06/20
916,Timothy,Kidd,timothykidd260@slingacademy.com,male,001-453-096-0943x65697,Pilot,11/10/21
917,Diana,Wong,dianawong995@slingacademy.com,female,001-964-887-3646x0460,Dentist,10/01/22
918,Jordan,Simmons,jordansimmons813@slingacademy.com,female,3210209159,Cashier,16/09/20
919,Paula,Andersen,paulaandersen399@slingacademy.com,female,172.168.4409x38968,Athlete,20/12/18
920,Christopher,Morris,christophermorris294@slingacademy.com,male,665.718.9069x90879,Clerk,27/10/19
921,Christopher,Nielsen,christophernielsen206@slingacademy.com,male,001-436-602-0435x28402,Farmer,06/11/20
922,Jeffrey,Martinez,jeffreymartinez321@slingacademy.com,male,+1-587-983-1154x220,Waitress,15/04/23
923,Joan,Garcia,joangarcia459@slingacademy.com,female,001-140-451-5296x1656,Unemployed,27/07/21
924,Angela,Crawford,angelacrawford651@slingacademy.com,female,(851)880-9683,Politician,11/03/21
925,Jared,Coleman,jaredcoleman343@slingacademy.com,male,770-391-6011x106,Accountant,30/12/18
926,Brittany,Small,brittanysmall982@slingacademy.com,female,281-195-4426,Waiter,05/12/22
927,Jerry,Davila,jerrydavila478@slingacademy.com,male,053.542.7158x817,Chef,15/02/21
928,Sean,Johnson,seanjohnson660@slingacademy.com,male,+1-733-200-0749x535,Polic,23/08/20
929,Amber,Dickson,amberdickson882@slingacademy.com,female,9266925738,Housewife,22/10/22
930,Elizabeth,Robinson,elizabethrobinson151@slingacademy.com,female,(623)629-5085,Scientist,29/05/21
931,Erin,Myers,erinmyers571@slingacademy.com,female,723-126-7088x60065,Chef,03/11/19
932,Matthew,Ball,matthewball821@slingacademy.com,male,907-800-2969x5898,Janitor,11/08/22
933,Michelle,Palmer,michellepalmer286@slingacademy.com,female,445-693-6449,Chef,02/12/22
934,Michael,Jackson,michaeljackson454@slingacademy.com,male,-3442,Barber,26/05/20
935,Jennifer,Moore,jennifermoore864@slingacademy.com,female,001-545-150-0302x3099,Waiter,11/11/18
936,Susan,Henry,susanhenry639@slingacademy.com,female,1207315700,Politician,17/06/19
937,Steven,Sullivan,stevensullivan384@slingacademy.com,male,-9142,Janitor,14/09/18
938,Jennifer,Moore,jennifermoore708@slingacademy.com,female,(839)615-2169x5701,Unemployed,28/03/19
939,Veronica,Elliott,veronicaelliott309@slingacademy.com,female,871.411.8013,Accountant,04/12/21
940,Tiffany,Peterson,tiffanypeterson880@slingacademy.com,female,001-427-930-5118x6497,Carpenter,26/10/19
941,Brian,Wyatt,brianwyatt159@slingacademy.com,male,001-485-253-7134,Baker,13/12/19
942,Maria,Cole,mariacole613@slingacademy.com,female,9258455108,Cashier,26/04/23
943,Michael,Scott,michaelscott862@slingacademy.com,male,507.725.4692x750,Tailor,30/09/19
944,Jonathon,Martinez,jonathonmartinez464@slingacademy.com,male,(205)757-1448,Athlete,01/02/20
945,Rebekah,Stephens,rebekahstephens887@slingacademy.com,female,(522)081-0332x96484,Doctor,11/06/23
946,Brenda,Huynh,brendahuynh787@slingacademy.com,female,001-906-612-6284,Politician,25/05/19
947,Jerry,Allen,jerryallen537@slingacademy.com,male,139774465,Janitor,28/02/20
948,Mary,Meyer,marymeyer487@slingacademy.com,female,+1-856-713-8945x1107,Security Guard,02/11/20
949,Suzanne,Reynolds,suzannereynolds231@slingacademy.com,female,527.384.5765x14804,Clerk,14/04/20
950,Casey,Evans,caseyevans606@slingacademy.com,male,+1-439-896-3066x38479,Dentist,12/12/20
951,Zachary,Guerrero,zacharyguerrero883@slingacademy.com,male,001-076-087-7860x2156,Farmer,19/09/19
952,Jaclyn,Huber,jaclynhuber138@slingacademy.com,female,+1-749-160-0573x958,Scientist,07/09/20
953,Tara,Lewis,taralewis420@slingacademy.com,female,001-231-197-3357,Dentist,12/06/21
954,David,Garcia,davidgarcia614@slingacademy.com,male,434-641-9071,Officer,03/10/22
955,Alexis,Carpenter,alexiscarpenter606@slingacademy.com,female,001-629-511-3087x804,Barber,26/01/21
956,Mason,White,masonwhite474@slingacademy.com,male,(727)073-6568x453,Teacher,17/06/21
957,Michael,Alvarez,michaelalvarez751@slingacademy.com,male,001-880-654-5066,Nurse,21/05/20
958,Raymond,Banks,raymondbanks338@slingacademy.com,male,126-197-6088x6076,Barber,10/07/23
959,Melissa,King,melissaking328@slingacademy.com,female,5916228835,Mechanic,09/01/21
960,Jimmy,Smith,jimmysmith390@slingacademy.com,male,001-597-037-4936x3562,Waitress,26/07/19
961,Brianna,Ramirez,briannaramirez956@slingacademy.com,female,001-607-228-6060x161,Nurse,08/11/20
962,Samantha,Drake,samanthadrake517@slingacademy.com,female,108-462-3382,Tailor,02/03/23
963,Diane,Franklin,dianefranklin713@slingacademy.com,female,(212)208-0702x04813,Athlete,27/04/20
964,David,Taylor,davidtaylor284@slingacademy.com,male,838-978-2708x06807,Politician,18/08/21
965,Lisa,Juarez,lisajuarez618@slingacademy.com,female,378.570.6085x33969,Unkown,07/06/19
966,Amanda,Terry,amandaterry309@slingacademy.com,female,162-956-2936,Tailor,16/06/19
967,Christopher,Hill,christopherhill453@slingacademy.com,male,020.871.2707,Housewife,18/08/22
968,Natasha,Hall,natashahall241@slingacademy.com,female,4484813943,Accountant,27/12/20
969,Steven,Padilla,stevenpadilla208@slingacademy.com,male,530.569.8765x2287,Janitor,11/09/18
970,Dennis,Thompson,dennisthompson956@slingacademy.com,male,(299)391-4261x9830,Housewife,25/11/22
971,Brett,Orozco,brettorozco622@slingacademy.com,male,549-608-6181,Polic,12/05/20
972,Pedro,Wells,pedrowells141@slingacademy.com,male,(500)997-9800x35101,Butcher,21/11/18
973,Linda,Curry,lindacurry746@slingacademy.com,female,001-512-602-3330,Engineer,01/11/22
974,Maria,Brennan,mariabrennan439@slingacademy.com,female,(234)913-3547,Accountant,18/01/22
975,Ruth,Blankenship,ruthblankenship383@slingacademy.com,female,454.216.4685,Barber,15/04/23
976,Dustin,Graves,dustingraves164@slingacademy.com,male,507-358-1551x22245,Librarian,19/02/22
977,Shannon,Smith,shannonsmith209@slingacademy.com,female,(406)166-6596x038,Doctor,27/02/22
978,Paige,Brady,paigebrady311@slingacademy.com,female,067-149-8057x5885,Doctor,03/06/21
979,Jimmy,Carr,jimmycarr318@slingacademy.com,male,+1-016-610-5073x20602,Receptionist,04/12/18
980,Lee,Waters,leewaters983@slingacademy.com,male,+1-530-355-4399x239,Waiter,22/10/20
981,Julie,Harris,julieharris727@slingacademy.com,female,506363397,Tailor,29/01/21
982,Cheryl,Robinson,cherylrobinson611@slingacademy.com,female,001-270-106-5095x215,Waitress,13/08/18
983,Brianna,Cook,briannacook652@slingacademy.com,female,699-154-8425x157,Baker,20/05/22
984,Michael,Williams,michaelwilliams698@slingacademy.com,male,(648)101-8361x42578,Waitress,07/02/22
985,Rachel,Hunter,rachelhunter937@slingacademy.com,female,623.255.5322x3439,Lawyer,08/07/21
986,Benjamin,Brady,benjaminbrady994@slingacademy.com,male,001-697-118-4204x576,Janitor,18/09/18
987,Eric,Hammond,erichammond190@slingacademy.com,male,348-686-3967x81336,Cashier,24/03/23
988,Denise,Carlson,denisecarlson219@slingacademy.com,female,001-302-617-6850x218,Lawyer,28/09/18
989,Kristen,Tucker,kristentucker145@slingacademy.com,female,+1-840-797-4530x85832,Security Guard,30/06/19
990,Gregory,Berry,gregoryberry800@slingacademy.com,male,-2199,Student,03/06/21
991,Melissa,Foster,melissafoster948@slingacademy.com,female,360-237-8497x1244,Security Guard,26/03/21
992,Terry,Williams,terrywilliams995@slingacademy.com,male,+1-019-322-7372x155,Clerk,25/03/22
993,Michael,Brown,michaelbrown497@slingacademy.com,male,064.962.4508,Engineer,25/06/20
994,Travis,Hamilton,travishamilton211@slingacademy.com,male,604-050-7836x6389,Security Guard,06/06/23
995,Tracy,Sanchez,tracysanchez432@slingacademy.com,female,(242)733-4850x77521,Student,13/03/21
996,Alexis,Williams,alexiswilliams395@slingacademy.com,female,(659)856-5718x2171,Firefighter,16/07/19
997,Karen,Mendez,karenmendez129@slingacademy.com,female,339203729,Janitor,30/01/20
998,Michaela,Smith,michaelasmith815@slingacademy.com,female,+1-106-147-6378x3133,Chef,22/02/19
999,Kathleen,Scott,kathleenscott395@slingacademy.com,female,(788)465-5647x419,Clerk,23/05/19
1000,Carl,Acosta,carlacosta740@slingacademy.com,male,+1-183-389-0336x962,Teacher,27/01/20